:020000040800F2
:1000000000C00020D5C4000809BF000811BF0008C7
:1000100019BF000821BF000829BF00080000000028
:1000200000000000000000000000000031BF0008D8
:100030003DBF00080000000049BF000855BF000890
:100040001DC500081DC500081DC500081DC5000808
:100050001DC500081DC500081DC500081DC50008F8
:100060001DC500081DC500081DC500081DC50008E8
:100070001DC500081DC500081DC500081DC50008D8
:100080001DC500081DC500081DC500081DC50008C8
:1000900061BF00081DC500081DC500081DC500087A
:1000A0001DC500081DC500081DC500081DC50008A8
:1000B00089740008357800081DC500081DC50008B2
:1000C0001DC500081DC500081DC500081DC5000888
:1000D0001DC500081DC500081DC500081DC5000878
:1000E0001DC500081DC500081DC500081DC5000868
:1000F0001DC500081DC500081DC500081DC5000858
:100100001DC500081DC500081DC500081DC5000847
:100110001DC500081DC500081DC500081DC5000837
:100120001DC500081DC500081DC500081DC5000827
:1001300000000000000000000000000000000000BF
:1001400000000000000000000000000000000000AF
:10015000000000000000000000000000000000009F
:10016000000000000000000000000000000000008F
:10017000000000000000000000000000000000007F
:10018000000000000000000000000000000000006F
:10019000000000000000000000000000000000005F
:1001A000000000000000000000000000000000004F
:1001B000000000000000000000000000000000003F
:1001C000000000000000000000000000000000002F
:1001D000000000000000000000000000000000001F
:0401E0005FF8E0F1F3
:1001E80010B5054C237833B9044B13B10448AFF369
:1001F80000800123237010BD380200200000000099
:100208004C66010808B5034B1BB103490348AFF31B
:10021800008008BD000000003C0200204C66010878
:1002280010F8012B11F8013B012A28BF9A42F7D098
:10023800D01A7047034613F8012B002AFBD1181A6D
:100248000138704781F0004102E000BF83F00043AD
:1002580030B54FEA41044FEA430594EA050F08BF59
:1002680090EA020F1FBF54EA000C55EA020C7FEA1D
:10027800645C7FEA655C00F0E2804FEA5454D4EB9A
:100288005555B8BF6D420CDD2C4480EA020281EA64
:10029800030382EA000083EA010180EA020281EA9C
:1002A8000303362D88BF30BD11F0004F4FEA0131EE
:1002B8004FF4801C4CEA113102D0404261EB4101FD
:1002C80013F0004F4FEA03334CEA133302D0524283
:1002D80063EB430394EA050F00F0A780A4F101043F
:1002E800D5F1200E0DDB02FA0EFC22FA05F2801879
:1002F80041F1000103FA0EF2801843FA05F359415F
:100308000EE0A5F120050EF1200E012A03FA0EFCDD
:1003180028BF4CF0020C43FA05F3C01851EBE37107
:1003280001F0004507D54FF0000EDCF1000C7EEB24
:1003380000006EEB0101B1F5801F1BD3B1F5001F62
:100348000CD349085FEA30004FEA3C0C04F1010481
:100358004FEA445212F5800F80F09A80BCF1004FAA
:1003680008BF5FEA500C50F1000041EB045141EA2C
:10037800050130BD5FEA4C0C404141EB0101013CF5
:1003880028BFB1F5801FE9D291F0000F04BF0146E4
:100398000020B1FA81F308BF2033A3F10B03B3F1B6
:1003A80020020CDA0C3208DD02F1140CC2F10C0246
:1003B80001FA0CF021FA02F10CE002F11402D8BFA4
:1003C800C2F1200C01FA02F120FA0CFCDCBF41EA70
:1003D8000C019040E41AA2BF01EB0451294330BD3F
:1003E8006FEA04041F3C1CDA0C340EDC04F114041C
:1003F800C4F1200220FA04F001FA02F340EA0300F3
:1004080021FA04F345EA030130BDC4F10C04C4F138
:10041800200220FA02F001FA04F340EA0300294618
:1004280030BD21FA04F0294630BD94F0000F83F462
:10043800801306BF81F480110134013D4EE77FEA45
:10044800645C18BF7FEA655C29D094EA050F08BF91
:1004580090EA020F05D054EA000C04BF1946104672
:1004680030BD91EA030F1EBF0021002030BD5FEAB6
:10047800545C05D14000494128BF41F0004130BDDE
:1004880014F580043CBF01F5801130BD01F0004532
:1004980045F0FE4141F470014FF0000030BD7FEAA5
:1004A800645C1ABF194610467FEA655C1CBF0B46A0
:1004B800024650EA013406BF52EA033591EA030FB7
:1004C80041F4002130BD00BF90F0000F04BF0021AF
:1004D800704730B54FF4806404F132044FF00005E2
:1004E8004FF0000150E700BF90F0000F04BF00215B
:1004F800704730B54FF4806404F1320410F00045C1
:1005080048BF40424FF000013EE700BF42004FEABB
:10051800E2014FEA31014FEA02701FBF12F07F4338
:1005280093F07F4F81F06051704732F07F4208BFEF
:10053800704793F07F4F04BF41F40021704730B5F6
:100548004FF4607401F0004521F000411CE700BF42
:1005580050EA010208BF704730B54FF000050AE0C5
:1005680050EA010208BF704730B511F0004502D5C6
:10057800404261EB41014FF4806404F132045FEAC8
:10058800915C3FF4D8AE4FF003025FEADC0C18BF71
:1005980003325FEADC0C18BF033202EBDC02C2F163
:1005A800200300FA03FC20FA02F001FA03FE40EAF5
:1005B8000E0021FA02F11444BDE600BF4FF0FF3CE3
:1005C80006E000BF4FF0010C02E000BF4FF0010C45
:1005D8004DF804CD4FEA410C7FEA6C5C4FEA430CBE
:1005E80018BF7FEA6C5C1BD001B050EA410C0CBF0D
:1005F80052EA430C91EA030F02BF90EA020F00206F
:10060800704710F1000F91EA030F58BF994208BFD5
:1006180090422CBFD8176FEAE37040F00100704792
:100628004FEA410C7FEA6C5C02D150EA013C07D1E9
:100638004FEA430C7FEA6C5CD6D152EA033CD3D034
:100648005DF8040B704700BF8446104662468C462E
:100658001946634600E000BF01B5FFF7B7FF002861
:1006680048BF10F1000F01BD4DF808EDFFF7F4FF8A
:100678000CBF012000205DF808FB00BF4DF808ED15
:10068800FFF7EAFF34BF012000205DF808FB00BF38
:100698004DF808EDFFF7E0FF94BF012000205DF85A
:1006A80008FB00BF4DF808EDFFF7CEFF94BF01200F
:1006B80000205DF808FB00BF4DF808EDFFF7C4FF08
:1006C80034BF012000205DF808FB00BF4FEA41025B
:1006D800B2F1E04324BFB3F5001CDCF1FE5C0DD998
:1006E80001F0004C4FEAC0024CEA5070B2F1004FE2
:1006F80040EB830008BF20F00100704711F0804FE5
:1007080021D113F13872BCBF01F00040704741F4A9
:1007180080114FEA5252C2F11802C2F1200C10FAAD
:100728000CF320FA02F018BF40F001004FEAC12391
:100738004FEAD32303FA0CFC40EA0C0023FA02F335
:100748004FEA4303CCE77FEA625307D150EA01330B
:100758001EBF4FF0FE4040F44000704701F00040DB
:1007680040F0FE4040F40000704700BF80F00040B9
:1007780002E000BF81F0004142001FBF5FEA410371
:1007880092EA030F7FEA226C7FEA236C6AD04FEA71
:100798001262D2EB1363C1BFD218414048404140B6
:1007A800B8BF5B42192B88BF704710F0004F40F468
:1007B800000020F07F4018BF404211F0004F41F484
:1007C800000121F07F4118BF494292EA030F3FD050
:1007D800A2F1010241FA03FC10EB0C00C3F1200363
:1007E80001FA03F100F0004302D5494260EB4000F2
:1007F800B0F5000F13D3B0F1807F06D340084FEA5D
:10080800310102F10102FE2A51D2B1F1004F40EB51
:10081800C25008BF20F0010040EA030070474900B9
:1008280040EB0000013A28BFB0F5000FEDD2B0FA56
:1008380080FCACF1080CB2EB0C0200FA0CF0AABF79
:1008480000EBC25052421843BCBFD0401843704717
:1008580092F0000F81F4000106BF80F4000001321D
:10086800013BB5E74FEA41037FEA226C18BF7FEAF4
:10087800236C21D092EA030F04D092F0000F08BF36
:100888000846704790EA010F1CBF0020704712F01D
:100898007F4F04D1400028BF40F00040704712F15C
:1008A80000723CBF00F50000704700F0004343F0C1
:1008B800FE4040F4000070477FEA226216BF0846F7
:1008C8007FEA23630146420206BF5FEA412390EABA
:1008D800010F40F4800070474FF0000304E000BFB0
:1008E80010F0004348BF40425FEA000C08BF704761
:1008F80043F0964301464FF000001CE050EA010225
:1009080008BF70474FF000030AE000BF50EA010239
:1009180008BF704711F0004302D5404261EB410126
:100928005FEA010C02BF84460146002043F0B6434B
:1009380008BFA3F18053A3F50003BCFA8CF2083A70
:10094800A3EBC25310DB01FA02FC634400FA02FC79
:10095800C2F12002BCF1004F20FA02F243EB020080
:1009680008BF20F00100704702F1200201FA02FCE2
:10097800C2F1200250EA4C0021FA02F243EB0200D5
:1009880008BF20EADC7070474FF0FF0C1CEAD05219
:100998001EBF1CEAD15392EA0C0F93EA0C0F6FD0DA
:1009A8001A4480EA010C400218BF5FEA41211ED0B8
:1009B8004FF0006343EA501043EA5111A0FB0131A4
:1009C8000CF00040B1F5000F3EBF490041EAD37179
:1009D8005B0040EA010062F17F02FD2A1DD8B3F1F5
:1009E800004F40EBC25008BF20F00100704790F064
:1009F800000F0CF0004C08BF49024CEA502040EAB6
:100A080051207F3AC2BFD2F1FF0340EAC25070477B
:100A180040F400004FF00003013A5DDC12F1190FB9
:100A2800DCBF00F000407047C2F10002410021FA2B
:100A380002F1C2F1200200FA02FC5FEA310040F143
:100A4800000053EA4C0308BF20EADC70704792F0BC
:100A5800000F00F0004C02BF400010F4000F013AF4
:100A6800F9D040EA0C0093F0000F01F0004C02BFEF
:100A7800490011F4000F013BF9D041EA0C018FE75E
:100A88000CEAD15392EA0C0F18BF93EA0C0F0AD064
:100A980030F0004C18BF31F0004CD8D180EA01008A
:100AA80000F00040704790F0000F17BF90F0004F23
:100AB800084691F0000F91F0004F14D092EA0C0F05
:100AC80001D142020FD193EA0C0F03D14B0218BF98
:100AD800084608D180EA010000F0004040F0FE40DE
:100AE80040F40000704740F0FE4040F4400070477A
:100AF8004FF0FF0C1CEAD0521EBF1CEAD15392EAF9
:100B08000C0F93EA0C0F69D0A2EB030280EA010CE8
:100B180049024FEA402037D04FF0805343EA111181
:100B280043EA10130CF000408B4238BF5B0042F1DF
:100B38007D024FF4000C8B4224BF5B1A40EA0C0084
:100B4800B3EB510F24BFA3EB510340EA5C00B3EBB6
:100B5800910F24BFA3EB910340EA9C00B3EBD10FA4
:100B680024BFA3EBD10340EADC001B0118BF5FEAF6
:100B78001C1CE0D1FD2A3FF650AF8B4240EBC2501F
:100B880008BF20F0010070470CF0004C4CEA5020E0
:100B98007F32C2BFD2F1FF0340EAC250704740F42F
:100BA80000004FF00003013A37E792F0000F00F021
:100BB800004C02BF400010F4000F013AF9D040EA9F
:100BC8000C0093F0000F01F0004C02BF490011F433
:100BD800000F013BF9D041EA0C0195E70CEAD1532B
:100BE80092EA0C0F08D142027FF47DAF93EA0C0F12
:100BF8007FF470AF084676E793EA0C0F04D14B02F6
:100C08003FF44CAF08466EE730F0004C18BF31F0A7
:100C1800004CCAD130F000427FF45CAF31F00043A1
:100C28007FF43CAF5FE700BF4FF0FF3C06E000BF3A
:100C38004FF0010C02E000BF4FF0010C4DF804CD5D
:100C48004FEA40024FEA41037FEA226C18BF7FEA6D
:100C5800236C11D001B052EA530C18BF90EA010F6F
:100C680058BFB2EB030088BFC81738BF6FEAE170FE
:100C780018BF40F0010070477FEA226C02D15FEA9A
:100C8800402C05D17FEA236CE4D15FEA412CE1D006
:100C98005DF8040B704700BF844608466146FFE7CD
:100CA8000FB5FFF7C9FF002848BF10F1000F0FBDAF
:100CB8004DF808EDFFF7F4FF0CBF012000205DF8A8
:100CC80008FB00BF4DF808EDFFF7EAFF34BF01202D
:100CD80000205DF808FB00BF4DF808EDFFF7E0FFC6
:100CE80094BF012000205DF808FB00BF4DF808ED17
:100CF800FFF7D2FF94BF012000205DF808FB00BF7A
:100D08004DF808EDFFF7C8FF34BF012000205DF85B
:100D180008FB00BF4FEA40024FEA41037FEA226C1A
:100D280002D15FEA402C08D17FEA236C02D15FEA46
:100D3800412C02D14FF0000070474FF0010070477E
:100D48004FEA4002B2F1FE4F0FD34FF09E03B3EBD0
:100D580012620DD94FEA002343F0004310F0004F10
:100D680023FA02F018BF404270474FF00000704766
:100D780012F1610F01D1420205D110F0004008BF05
:100D88006FF0004070474FF00000704742000ED2ED
:100D9800B2F1FE4F0BD34FF09E03B3EB126209D4AE
:100DA8004FEA002343F0004323FA02F070474FF064
:100DB8000000704712F1610F01D1420202D14FF0D9
:100DC800FF3070474FF00000704700BF80B500AF9C
:100DD8000AF004FF00F015F800BF80BD80B582B0AE
:100DE80000AF0023FB710AF027FF0346002B03D056
:100DF800FB7943F00103FB71FB7918460837BD46C0
:100E080080BD80B500AF00200AF0F2FE00200AF095
:100E180001FF00BF80BD000080B582B000AF03466F
:100E2800FB710E4B5B78002B14D1FB79002B02D1A0
:100E3800FFF7E7FF0AE0FB7903F04003002B14BF3C
:100E480001230023DBB218460AF0D2FE034B00222E
:100E5800DA7200E000BF0837BD4680BDEC0600200E
:100E680080B582B000AF0346FB71074B1B78022B9D
:100E780006D003F08DFFFB791846FFF7CDFF00E0A1
:100E880000BF0837BD4680BDEC060020B0B588B06D
:100E980000AF07F1080300221A605A609A60DA600E
:100EA80000237B600BF03CFD0023BB60224B3B61C1
:100EB80001237B613A1D07F10803114618460BF020
:100EC80017FE0346002B30D10023FB6127E01B4AA5
:100ED800FB6913441B781AB2FB6901331749CB5CD1
:100EE8001BB21B021BB213431BB27B837B8B4FF6D7
:100EF800FF72934210D0FB6903F1006101F57E3166
:100F08007B8B00221C46154622462B4601200BF0FF
:100F180097FC0346002B07D1FB690233FB61FB6991
:100F2800B3F5806FD3D300E000BF0BF01FFD00BF07
:100F38002037BD46B0BD00BF00F8030854020020AA
:100F480080B500AF0C4A0D4B104619464FF480632C
:100F58001A4613F072F9084B1B780B2B09D0064B75
:100F68001B780A2B05D04FF48062FF21024813F04A
:100F78006FF800BF80BD00BF5402002000F80308CE
:100F880080B483B000AF7860044A7B6813441B7850
:100F980018460C37BD4680BC704700BF540200207D
:100FA80080B483B000AF78600B46FB70044A7B685E
:100FB8001344FA781A7000BF0C37BD4680BC7047DE
:100FC8005402002080B586B000AFF860B9607A603E
:100FD8000023FB751DE097F917305B005AB2FB7DC3
:100FE800DB09DBB25BB213435BB2FB75BB681A78F3
:100FF800FB7D1344FB75FA68531CFB60BB68591CE6
:10100800B9601B7819461046FFF7CAFF7B68013B99
:101018007B607B68002BDED1FB7D1946F868FFF703
:10102800BFFFFFF733FF00BF1837BD4680BD80B54F
:1010380086B000AFF860B9607A600023FB751EE0E7
:10104800BB685A1CBA601846FFF79AFF0346BB757F
:1010580097F917305B005AB2FB7DDB09DBB25BB254
:1010680013435BB2FB75FA7DBB7D1344FB75FB68CC
:101078005A1CFA60BA7D1A707B68013B7B607B68FA
:10108800002BDDD1B868FFF77BFF03461A46FB7DCE
:1010980093420CBF01230023DBB218461837BD4624
:1010A80080BD000080B500AF50220021084812F032
:1010B800CFFF074B9B790749184605F0EBFD034620
:1010C800002B02D1072004F035FB00BF80BD00BF14
:1010D800540600208006002080B500AF024903486E
:1010E80007F048FD00BF80BD000700207006002003
:1010F800B0B59EB006AF786048220021D04812F003
:10110800A7FFCF4BCF495A1C0B4603CB1060516049
:1011180019889B7811819372002387F85F30002328
:1011280087F85B30002387F85A30002387F8593056
:101138000023A7F856300023A7F85430002387F877
:1011480053307B681B78242B0BD197F8533043F02E
:10115800010387F85330BA4B01225A70B84B00226A
:101168009A70002387F846300023A7F8503097F884
:10117800533003F00103002B04D0032387F82D30EC
:1011880000F005BC002387F82D3000F000BC97F86C
:101198002D301A467B6813441B7887F82E3097F851
:1011A8002E30402B03D997F82E305A2B02D9012321
:1011B80001F0EEBC97F82D300133DBB287F82D3003
:1011C80007F1280207F12D031946786802F0FCFBA5
:1011D8000346002B02D1022301F0DABCBB6A184691
:1011E80014F0B8F903461846FFF7D0FD034687F810
:1011F8004630BC6A97F846301846FFF771FB03463D
:1012080019462046FFF7B6FA03468F491846FFF7F6
:10121800BBFB0346184614F06FF80346A7F8503096
:1012280097F82E30472B03D04D2B00F0EA819BE234
:1012380097F846305E2B00F2BB8101A252F823F0EA
:101248003914000839140008391400083914000842
:10125800E1130008B9150008B9150008B915000808
:10126800B9150008B9150008C5130008B915000814
:10127800B9150008B9150008B9150008B91500080E
:10128800B9150008C1140008C1140008C1140008E9
:101298002B1500082B150008B9150008B91500080A
:1012A800B9150008B9150008B9150008B9150008DE
:1012B800C5130008B9150008C5130008B9150008BA
:1012C800B9150008B9150008B9150008B9150008BE
:1012D800B9150008B915000839140008B91500082F
:1012E80041150008B9150008B91500084915000886
:1012F800B9150008B9150008B9150008B91500088E
:10130800B915000849150008B9150008B9150008ED
:10131800B9150008E1130008911500089115000897
:1013280091150008911500089115000891150008FD
:10133800B9150008A5150008B9150008B915000861
:10134800B9150008B9150008B9150008B91500083D
:10135800B9150008B9150008B9150008B91500082D
:10136800B9150008B9150008B9150008B91500081D
:10137800B9150008B9150008B9150008B91500080D
:101388005B140008B9150008B9150008B91500085C
:10139800B9150008B9150008B9150008B9150008ED
:1013A800B9150008B9150008D5140008D5140008A7
:1013B800C51300081515000815150008B7F85030B2
:1013C800002B09D197F85F30002B02D0182301F0C9
:1013D800DFBB012387F85F30002387F85230184AB3
:1013E80097F84630137097F846301C2B08D097F8BA
:1013F80046301E2B04D097F846305C2B40F0DB803B
:10140800B7F85030002B06D0B7F850300A2B02D06E
:10141800142301F0BDBB0A4B1A78B7F85030DBB281
:101428001344DAB2064B1A700023A7F85030C2E012
:1014380097F85F30002B09D0182301F0A9BB00BF33
:10144800A4060020540600200000C842022387F8A2
:101458005F30012387F85230C14A97F846305370FD
:1014680097F84630262B40F0A880B7F85030142B58
:101478000ED0B7F850301E2B0AD0B7F85030282BB2
:1014880006D0B7F85030322B02D0142301F080BBBD
:10149800B34B5A78B7F85030B249A1FB0313DB08B5
:1014A8009BB2DBB21344DBB26433DAB2AC4B5A7092
:1014B8000023A7F8503080E0022387F8523097F8CD
:1014C8004630113BDAB2A64B5A7179E0B7F8503082
:1014D800002B09D1032387F8523097F846305A3B3E
:1014E800DAB29F4B1A716BE0042387F85230B7F8D1
:1014F80050300A2B03D197F846305A2B02D11423C7
:1015080001F046BB0023A7F8503059E0052387F8BF
:10151800523097F84630C3F15E03DAB2904B9A70B6
:101528004EE0062387F8523097F84630C3F115038A
:10153800DAB28B4BDA7043E0072387F852303FE08A
:10154800082387F8523097F85F30002B02D0182311
:1015580001F01EBB032387F85F3097F84630312B24
:1015680003D17F4B00229A710AE0B7F850300A2B5A
:1015780003D17B4B01229A7102E0142301F008BBCE
:101588000023A7F850301BE0092387F8523097F85A
:101598004630363BDAB2724BDA7111E00A2387F82B
:1015A8005230B7F85030002B09D0142301F0F0BAAC
:1015B800142301F0EDBA00BF02E000BF00E000BF55
:1015C800B7F85030002B02D0172301F0E1BAB7F872
:1015D800562097F8523042FA03F303F00103002B28
:1015E80002D0152301F0D4BA97F85230012202FA3A
:1015F80003F31AB2B7F9563013431BB2A7F85630A3
:10160800C5E1B7F85030002B02D0172301F0C0BA5B
:1016180097F846301E2B00F2848001A252F823F07E
:10162800A5160008A5160008A5160008CF1600087C
:10163800CF160008CF1600082B1700082B17000834
:1016480005170008051700082B1700082B170008B6
:101658002B1700082B1700082B1700082B1700085A
:101668002B1700082B1700082B1700082B1700084A
:101678002B1700082B1700082B1700082B1700083A
:101688002B1700082B1700082B1700082B1700082A
:101698002B1700082B170008A51600080B2387F83E
:1016A800523097F84630002B02D0012B09D003E0C6
:1016B8002B4B03221A7205E0294A97F84630137219
:1016C80033E000BF31E00C2387F8523097F84630FA
:1016D800052B0ED0052B27DC032B02D0042B04D0BE
:1016E80022E01F4B10229A7207E01D4B20229A72AB
:1016F80003E01B4B00229A7200BF15E00D2387F808
:10170800523097F84630082B02D0092B04D00CE051
:10171800134B40225A7203E0114B00225A7200BF49
:1017280003E0142301F034BA00BFB7F8562097F845
:10173800523042FA03F303F00103002B02D01523C1
:1017480001F026BA97F85230012202FA03F31AB2CE
:10175800B7F9563013431BB2A7F8563017E100BF4C
:10176800A4060020CDCCCCCC97F82E30413B192BC9
:1017780000F2DB8001A252F823F000BFED17000849
:101788003319000833190008331900083319000801
:10179800071800083319000833190008151800083D
:1017A8002F180008491800086318000833190008A2
:1017B8007518000833190008931800083319000831
:1017C800A1180008AF180008BD1800083319000850
:1017D8003319000833190008E5180008FF18000835
:1017E800191900080D2387F85230BB6AAE4A5364B2
:1017F80097F85A3043F0080387F85A3098E00023E6
:1018080087F85230BB6AA84AD36091E0012387F871
:101818005230BB6AA44A136197F8593043F0010368
:1018280087F8593084E0022387F85230BB6A9E4A11
:10183800536197F8593043F0020387F8593077E03D
:10184800032387F85230BB6A974A936197F8593057
:1018580043F0040387F859306AE0042387F85230CC
:10186800914A97F8463082F8203061E0052387F8DE
:101878005230BB6A184613F06DFE03461846FFF750
:101888005FFA0346884A536252E0062387F85230CB
:10189800BB6A854A93624BE0072387F85230BB6ADC
:1018A800814AD36244E0082387F85230BB6A7E4AF3
:1018B80013633DE0092387F85230BB6A7B49184619
:1018C800FFF71EFA0346002B02D0262301F060B969
:1018D800754A97F8463082F8343029E00A2387F8A9
:1018E8005230BB6A704A936397F85A3043F0010349
:1018F80087F85A301CE00B2387F85230BB6A6A4AD3
:10190800D36397F85A3043F0020387F85A300FE050
:101918000C2387F85230BB6A634A136497F85A302D
:1019280043F0040387F85A3002E0142301F030B979
:10193800B7F8542097F8523042FA03F303F0010342
:10194800002B02D0192301F023B997F8523040F246
:10195800613242FA03F303F00103002B0BD0BB6A98
:101968004FF000011846FFF7ADF90346002B02D0EF
:10197800042301F00DB997F85230012202FA03F35B
:101988001AB2B7F9543013431BB2A7F8543097F87A
:101998002D301A467B6813441B78002B7FF4F7AB75
:1019A80097F85A30002B06D097F85F30002B02D1F9
:1019B800022387F85F30B7F8543003F02003002B78
:1019C80007D0394B5B6A3A4A934202DD1B2301F088
:1019D800DFB897F8533003F00103002B17D0B7F89E
:1019E800543003F00103002B02D1162301F0D0B8C4
:1019F8002D4BDB78012B40D12B4BDB682D4918464A
:101A0800FEF7C2FF03461A46274BDA6035E0264B3D
:101A18009B78012B14D197F85F30022B2DD1224BE4
:101A28005B78502B29D0204B5B78002B25D0B7F85A
:101A3800543003F00103002B1FD1162301F0A8B87E
:101A48001D4B5B78002B18D1B7F8543003F0010315
:101A5800002B0ED0144BDB78012B0ED1124BDB6818
:101A680014491846FEF790FF03461A460E4BDA60F3
:101A780003E0114B1B690C4AD360B7F8543003F4E8
:101A88008073002B03D10C4BDB68074A1363064BAA
:101A98001B78042B18D1B7F8543003F04003002BFF
:101AA8000CD11C2301F074B8A406002000007F4369
:101AB800809698003333CB4154060020B7F8543051
:101AC80023F04003A7F85430B34B5B79002B02D0C6
:101AD800012B0AD013E0002387F85E30012387F832
:101AE8005D30022387F85C3012E0022387F85E300D
:101AF800002387F85D30012387F85C3008E0012374
:101B080087F85E30022387F85D30002387F85C3061
:101B1800A14BDB78012B2FD1002387F84F3027E02A
:101B280097F85A2097F84F3042FA03F303F001036D
:101B3800002B18D097F84F30032B14D097F84F305C
:101B4800954A0C339B0013449B6897F84F40934980
:101B58001846FEF719FF034619468F4A04F10C038D
:101B68009B001344996097F84F30013387F84F3042
:101B780097F84F30032BD3D997F85F30032B0AD14E
:101B8800854B9B79012B06D197F85A30042B02D04C
:101B9800252300F0FDBF824B07F118042C330FCB2F
:101BA80084E80F00B7F8563003F40073002B1AD0FE
:101BB800794BDB79062B02D91D2300F0E9BF784B5E
:101BC8009A79754BDB799A420DD0734BDB7907F123
:101BD80018021146184605F05DF80346002B02D19D
:101BE800072300F0D5BF6C4B1B780A2B03D05C2B66
:101BF80000F0C7803FE197F85A30002B02D11A2332
:101C080000F0C6BFB7F8543003F05003002B02D1E0
:101C18001C2300F0BDBF604B9B6A184613F09AFC6A
:101C280003461846FFF7B2F8034687F85B3097F883
:101C38005B30062B02D91D2300F0AABF564B93F840
:101C48002030142B10D0544B93F82030022B08D19D
:101C5800B7F8543003F08003002B05D0142300F0AC
:101C680097BF142300F094BFB7F8543023F0500303
:101C7800A7F8543097F85B30002B05D097F85B3005
:101C8800013B87F85B3003E0434BDB7987F85B3037
:101C980097F85B304349184604F0FCFF0346002BD5
:101CA80002D1072300F074BF002387F84F3063E0A8
:101CB80097F85A2097F84F3042FA03F303F00103DC
:101CC800002B54D0344B93F82030142B41D197F883
:101CD8004F30334A06339B0013445A6897F84F3005
:101CE8002F490E339B000B445B6819461046FEF7DC
:101CF80041FD0346184697F84F30274A0C339B009E
:101D080013449B6897F84F401946FEF733FD034686
:101D18001946214AA31C9B001344996097F84F3039
:101D2800022B24D197F84F301B4A02339B001344EF
:101D38009B681B4AD26C97F84F4011461846FEF72D
:101D480019FD03461946144AA31C9B0013449960C5
:101D58000DE097F84F3097F84F100F4A0C339B005F
:101D680013449A680C488B1C9B0003449A6097F8AC
:101D78004F30013387F84F3097F84F30032B97D9FE
:101D8800B0E197F85A30002B02D11A2300F000BFB7
:101D9800002387F84F3069E0A40600203333CB4195
:101DA80054060020B406002097F85A2097F84F30C0
:101DB80042FA03F303F00103002B43D097F84F30A6
:101DC800BF4A06339B0013445A6897F84F309B006C
:101DD80060333B4453F8483C19461046FEF7CAFCAA
:101DE8000346184697F84F30B64A0C339B00134405
:101DF8009B6897F84F401946FEF7BCFC0346194606
:101E0800B04A04F10C039B001344996097F84F30D3
:101E1800022B26D197F84F30AA4A0C339B00134463
:101E28009B68A74AD26C97F84F4011461846FEF7B0
:101E3800A1FC03461946A34A04F10C039B00134472
:101E480099600EE097F84F3097F84F109C4A0E3380
:101E58009B0013445A689B4801F10C039B00034400
:101E68009A6097F84F30013387F84F3097F84F3022
:101E7800032B99D936E197F85F30032B00F0958052
:101E880097F85A30002B00F09080002387F84F30E5
:101E980086E097F85A2097F84F3042FA03F303F098
:101EA8000103002B0FD197F84F3097F84F10844A51
:101EB80006339B0013445A68824801F10C039B00C7
:101EC80003449A6067E07F4B1B78352B63D07D4BCA
:101ED8001B79002B43D197F84F307A4A0C339B007B
:101EE80013449D6897F84F309B0060333B4453F888
:101EF800482C97F84F3072490E339B000B445B68AF
:101F080019461046FEF738FC034697F84F40194625
:101F18002846FEF731FC034619466A4A04F10C03C9
:101F28009B001344996097F84F30022B33D197F8F0
:101F38004F30644A0C339B0013449B68604AD26C50
:101F480097F84F4011461846FEF716FC0346194607
:101F58005C4A04F10C039B00134499601BE097F85A
:101F68004F30584A0C339B0013449A6897F84F3007
:101F7800534906339B000B445B6897F84F4019465A
:101F88001046FEF7F9FB034619464E4A04F10C03C6
:101F98009B001344996097F84F30013387F84F300E
:101FA80097F84F30032B7FF674AF464B1B78352BD1
:101FB8003EDC1C2BC0F296801C3B192B00F2928051
:101FC80001A252F823F000BF3D200008ED200008D0
:101FD8003D200008ED200008ED200008ED20000855
:101FE800ED200008ED200008ED200008ED20000895
:101FF800ED200008ED200008ED200008ED20000885
:10200800ED200008ED200008ED200008ED20000874
:10201800ED200008ED200008ED200008ED20000864
:10202800ED200008ED200008ED200008D52000086C
:10203800662B57E0234B1B781C2B09D1224906201D
:1020480004F028FE0346002B0CD1072300F0A0BDA6
:102058001D49072004F01EFE0346002B02D107236A
:1020680000F096BD97F85A30002B25D0002387F84A
:102078004F301CE097F85A2097F84F3042FA03F394
:1020880003F00103002B0DD197F84F3097F84F104C
:102098000B4A06339B0013445A680A488B1C9B0062
:1020A80003449A6097F84F30013387F84F3097F818
:1020B8004F30032BDED915E0002387F85F3011E09D
:1020C80054060020A4060020B4060020AE4B5B781E
:1020D800002B06D0AC4B5B78012B02D01E2300F0FE
:1020E80057BD00BFA84B5B78502B07D197F85A30E3
:1020F800002B00F021821F2300F04ABD97F85F30C3
:10210800022B40F01982A04B5B78002B08D197F87E
:102118005A30002B40F01082002387F85F300BE222
:10212800994BDB684FF000011846FEF7C1FD0346E6
:10213800002B02D0162300F02BBD934B5B788F2B1E
:1021480000F3FA818C2B09DA032B26D0032B00F33A
:10215800F381012B12D0022B19D0EDE18C3B032B1C
:1021680000F2EA8101A252F823F000BFFF24000820
:10217800F3240008FF240008F324000897F85A30D5
:10218800002B40F0D681002387F85F30D1E197F823
:10219800533043F0040387F8533097F85A30002B34
:1021A80002D11A2300F0F4BC97F85A2097F85E3051
:1021B8000121994097F85D30012000FA03F30B43A1
:1021C8001340002B02D1202300F0E2BC97F85E30C8
:1021D8006D4A0C339B0013449A6897F85E306B493C
:1021E80006339B000B445B6819461046FEF7C2FA9B
:1021F80003463B6497F85D30634A0C339B001344F5
:102208009A6897F85D30614906339B000B445B6818
:1022180019461046FEF7AEFA0346FB63B7F854308A
:1022280003F08003002B00F0B980B7F8543023F096
:102238008003A7F8543010225549564811F0F8FE8B
:102248000346002B02D1212300F0A2BC4E4BDB78C1
:10225800012B09D14C4BDB6A4F491846FEF794FB1A
:1022680003461A46484BDA62474BDB6A4FF0814116
:102278001846FEF789FB03461A46434BDB6A1946A4
:102288001046FEF781FB03461C46396C386CFEF796
:102298007BFB034619462046FEF76CFA03461C46AC
:1022A800F96BF86BFEF770FB034619462046FEF7FC
:1022B80061FA0346BB644FF00001B86CFEF702FDFB
:1022C8000346002B02D0222300F062BCB86C12F047
:1022D8008FFF034683F00044F96B386C01F097FCDC
:1022E800034619462046FEF703FC0346BB64264B0B
:1022F8005B78032B03D1BB6C83F00043BB64224B98
:10230800DB6A4FF000011846FEF7DCFC0346002BA1
:1023180009D0BB6C83F00043BB641B4BDB6A83F0C2
:102328000043194AD362B96CF86BFEF72DFB0346DC
:102338001946386CFEF71EFA034697F85E404FF0D0
:102348007C511846FEF720FB034619460E4AA31C8B
:102358009B0013449960B96C386CFEF715FB034673
:10236800F96B1846FEF708FA034697F85D404FF0F8
:102378007C511846FEF708FB03461946024AA31C7F
:102388009B0013449960D7E0A4060020540600205F
:10239800DC060020700600203333CB4197F8592023
:1023A80097F85E300121994097F85D30012000FAD6
:1023B80003F30B431340002B01D12323E8E3B7F8C1
:1023C800543023F00E03A7F85430A34BDB78012BCD
:1023D8002AD1002387F84F3022E097F8592097F840
:1023E8004F3042FA03F303F00103002B13D097F8A0
:1023F8004F30994A02339B0013449B6897F84F402B
:1024080096491846FEF7C0FA03461946924AA31C95
:102418009B001344996097F84F30013387F84F3089
:1024280097F84F30032BD8D997F85E308A4A023391
:102438009B0013449B681946386CFEF79BF90346CA
:102448003B6497F85D30844A02339B0013449B68D1
:102458001946F86BFEF78EF90346FB63F96B386C87
:1024680001F0D5FBB86397F85E307B4A02339B00D6
:1024780013449A6897F85D30774902339B000B4400
:102488009B681946104601F0C2FB0346724AD362A4
:10249800714BDB6A1946B86BFEF76CF9034623F0FB
:1024A80000437B636E49786BFEF72AFC0346002BDA
:1024B80000D141E04FF07C51786BFEF721FC0346D8
:1024C800002B01D0212363E3634BDB6A654918467F
:1024D800FEF75AFA03461946786BFEF711FC0346D5
:1024E800002B00D128E0212352E397F8533043F022
:1024F800100387F85330584B5B788E2B03D0564B1C
:102508005B788F2B05D197F8533043F0080387F891
:10251800533097F85A30002B01D11A2338E3102290
:102528005149524811F084FD0346002B03D1212361
:102538002EE300BF00E000BF97F8533003F001031B
:10254800002B06D0B7F8543023F02103A7F85430F5
:1025580007E0B7F8543023F4487323F00103A7F8D1
:10256800543097F85F30002B05D0B7F8543023F477
:102578007053A7F85430B7F85430002B01D02423F7
:1025880006E307F10C033B630C220021386B11F0C2
:102598005FFD97F8533003F00103002B34D0B7F8F0
:1025A800563023F04903002B01D01023F0E22A4BC8
:1025B8001B78352B05D0284B1B78002B01D0102316
:1025C800E6E22B4BDA683B6B5A60294B5A7A284B68
:1025D8001B7A1343DBB23B7507F10C031E491846FF
:1025E80000F0E4FA034687F82F3097F82F30002BD5
:1025F80007D11F4A184B02F11C0438330FCB84E86B
:102608000F0097F82F30C3E21A4B93F8583003F0B5
:102618000203002B59D0104B5B78012B0DD00E4BC9
:102628005B78022B09D00C4B5B78032B05D097F80D
:10263800533043F0400387F8533097F85A30002B53
:102648001AD097F85F30022B16D197F8533063F001
:102658007F0387F8533038E0A40600203333CB419A
:102668000AD7A33B6F12833ADC06002070060020CD
:1026780054060020D0100020594B5B7A102B24D12F
:10268800574B1B78012B07D0554B1B78022B03D0D7
:10269800534B1B78032B0CD197F8533003F04003AE
:1026A800002B12D097F8533043F0200387F85330AB
:1026B8000BE097F8533003F04003002B05D197F84F
:1026C800533043F0200387F85330464B5B6A444A43
:1026D8009361444B9A78424B5A70414B5B78002B7C
:1026E80006D03B6B1B7A43F00803DAB23B6B1A72D5
:1026F8003C4BDB683A4A1361394B1A693B6B1A60E9
:10270800374BDB68374A126B11461846FEF7D0FA8A
:102718000346002B05D097F8533003F02003002B15
:1027280021D02F4B5B7A002B19D097F95330002B0F
:1027380015DB97F8533003F04003002B07D0284BE4
:102748005B7A4FF00001184604F0FCFD07E0244BCB
:102758005B7A244A126B1146184604F0F3FD214BAC
:102768001B6B1F4AD36097F8533003F04003002BCC
:1027780003D11B4BDA683B6B5A601A4B93F8342031
:10278800174B1A75164B5A7A164B9B7A9A420BD0EE
:10279800144B9A7A3B6B5B681946104604F0D2FDDD
:1027A800104B9A7A0E4B5A723B6B1A7A0C4B5B7A27
:1027B8001343DAB23B6B1A72094B1A7A094B5B7AEC
:1027C8009A4219D0074B5B7A1846FEF749FB054B2E
:1027D8005B7A002B08D1024B00221A720CE000BF72
:1027E80054060020A4060020A64B1A7AA64B5B7A52
:1027F8001343DAB2A34B1A723B6B1A7AA14B1B7ABA
:102808001343DAB23B6B1A729F4B1B78042B04D12B
:102818009D4B9B6A184600F0DFFF9B4B5A79994BFA
:102828001A71994BDA78974B9A7097F85F30032BA7
:102838001CD1954B9A79934B5A71924B5B79002B2B
:1028480003D1914B4FF000021A648E4BDB6C8E4A19
:10285800126C11461846FEF72BFA0346002B05D1D9
:10286800894B1B6C874AD36406F058F9854B9A79D3
:10287800854BDB799A420DD0834BDA79814B9A717B
:10288800804B03F12C0407F118030FCB84E80F00E9
:1028980006F044F97C4B1A797A4BDA707A4B1B783C
:1028A800662B00F09880662B00F39E80282B47DC6F
:1028B8000A2BC0F299800A3B1E2B00F2958001A2D8
:1028C80052F823F04F290008F1290008F1290008DF
:1028D800F1290008F1290008F1290008F129000868
:1028E800F1290008F1290008F1290008F129000858
:1028F800F1290008F1290008F1290008F129000848
:10290800F1290008F1290008F12900087D290008AB
:10291800F12900087D290008F1290008F12900089B
:10292800F1290008F1290008F1290008F129000817
:10293800F1290008B5290008F1290008BF29000875
:102948005C2B3DD050E097F85B305049184604F0B6
:1029580055F84C4B9B7997F85B209A4243D1494AEA
:10296800494B02F12C0410330FCB84E80F0006F01A
:10297800D5F838E03B6B1B7A43F00103DAB23B6BC6
:102988001A7297F85F30002B03D0396B404800F07B
:1029980053FC396B3D4800F04FFC3A4A3A4B02F180
:1029A8001C0410330FCB84E80F001DE039490620C2
:1029B80004F024F818E03749072004F01FF813E062
:1029C800304A314B02F13C0438330FCB84E80F0016
:1029D80006F0A4F808E0102200212F4811F038FB77
:1029E80006F09CF800E000BF274B5A78254B1A7078
:1029F800244B1B78502B75D097F85F30022B71D180
:102A0800002387F847301F4B1B78012B04D1396B03
:102A18001F4800F011FC52E01A4B1B78002B0BD119
:102A28003B6B1B7A43F00103DAB23B6B1A72396BCA
:102A3800174800F001FC42E0124B1B78022B03D030
:102A4800104B1B78032B29D10F4BDB6A97F85320C7
:102A580002F00402002A14BF01220022D2B204921A
:102A680097F85C20039297F85D20029297F85E2011
:102A780001920093054B074A396B054800F028FC82
:102A88001DE000BF54060020A4060020B406002064
:102A9800DC06002070060020900600203B6B1B7AA5
:102AA80043F00403DAB23B6B1A7297F853301A46B4
:102AB800396B394800F0C6FE034687F8473097F867
:102AC8004730002B08D1354A354B02F11C04383306
:102AD8000FCB84E80F0005E097F84730012B01D1B0
:102AE800FEF7FAFA2E4B1A7A2C4BDA712B4BDB795C
:102AF800002B4CD002F04CF9284BDB79032B09D181
:102B0800284B1B78022B3FD0082006F089F802F0EA
:102B180063F939E0214B01221A70204B00221A7107
:102B28001E4B0022DA701D4B00225A701B4B0022EC
:102B38009A711A4B00225A72184B00221A72194BBA
:102B48006422DA71174B64221A72164B64225A7285
:102B5800144B1B78022B14D0104B9B791249184642
:102B680004F098F80346002B01D1072310E005F084
:102B7800D5FF4FF00001002004F0A6FB0020FEF76F
:102B88004BF9082002F00CFE044B0022DA710023F6
:102B980018466037BD46B0BDDC060020540600204C
:102BA800A4060020EC0600208006002080B582B034
:102BB80000AF786039603B68DA687B681A607B68C8
:102BC8001B7A43F00403DAB27B681A72154B93F848
:102BD800583003F02003002B09D03B6838331846DF
:102BE80005F0E6FF0346002B01D00F2316E03B68F3
:102BF80038337968184600F01FFB0B4B1B78002B05
:102C08000BD101F069FA0346002B06D0064B2022AF
:102C18001A7004F0FDFE04F0ADFB002318460837D7
:102C2800BD4680BDD0100020EC06002080B500AF66
:102C380000F002F800BF80BD80B400AF00BFBD4601
:102C480080BC704780B582B000AF0023BB7108F02C
:102C58001DFF0346FB710A4B93F8583003F04003FD
:102C6800002B03D1FB7983F00703FB71FB7903F099
:102C78000703BB71BB7918460837BD4680BD00BF46
:102C8800D010002080B592B000AF0346FB71BF4B57
:102C98005B78002B40F0228207F11C03FB620C22B8
:102CA8000021F86A11F0D4F9FB6A06221A7203238C
:102CB80087F847304FF000033B64002387F83F3024
:102CC80037E097F83F2097F83F30B1498A5C48339E
:102CD8003B4403F8302CFA7997F83F3042FA03F373
:102CE80003F00103002B1FD097F83F30A94A0C339B
:102CF80052F82330A8491846FDF746FE0346194600
:102D0800386CFDF7FDFF0346002B01D03B6C0AE051
:102D180097F83F309F4A0C3352F823309E491846A3
:102D2800FDF732FE03463B6497F83F30013387F8DE
:102D38003F3097F83F30032BC3D9012387F83E3043
:102D4800944B1B6EBB6307F108039449184605F0C2
:102D580011FF002387F83730002387F83630002327
:102D680087F83F305EE0FA7997F83F3042FA03F38C
:102D780003F00103002B50D097F83630013387F861
:102D8800363097F83F30854A002142F82310814BAE
:102D980093F859301A4697F83F3042FA03F303F094
:102DA8000103002B17D097F83E30002B0AD097F874
:102DB8003F303A6C82F000429B0048333B4443F872
:102DC800402C1FE097F83F309B0048333B443A6C57
:102DD80043F8402C16E097F83E30002B08D097F8BF
:102DE8003F309B0048333B443A6C43F8402C09E0A1
:102DF80097F83F303A6C82F000429B0048333B44DE
:102E080043F8402C97F83F3048333B4413F8302CB4
:102E180097F83730134387F8373097F83F30013346
:102E280087F83F3097F83F30032B9CD997F8363016
:102E38001846FDF751FD0346184612F0D9F9034626
:102E48001946B86BFDF7A0FD0346BB634F4A97F8D8
:102E580037309371FB6ABA6B1A6007F10803F96A95
:102E6800184601F051FA494B04221A7104F0D0FDBA
:102E780004F080FA97F83E30002B3AD0FFF7E2FED4
:102E8800034687F82B30002387F83F3029E097F86E
:102E98003F3048333B4413F8302C97F83730134011
:102EA800DBB2002B18D097F82B2097F83F3042FA66
:102EB80003F303F00103002B0ED097F83F3048339B
:102EC8003B4413F8303C5BB2DB435AB297F93730D6
:102ED80013405BB287F8373097F83F30013387F8F3
:102EE8003F3097F83F30032BD1D9284A97F837302D
:102EF800937104F08DFD2A4B1B78DBB203F0340389
:102F0800002B51D0264B1B7887F82A3097F82A30A7
:102F180003F01003002B02D0062005F0C3FE97F83B
:102F28002A3003F02003002B02D0072005F0BAFE58
:102F380097F83E3083F00103DBB2002B0BD0FFF78C
:102F480081FE03461A46FB791340DBB2002B02D000
:102F5800082005F0A7FE97F83E30002B08D097F818
:102F68002A3003F00403002B02D0092005F09AFE52
:102F78000C4B1B78DBB2002B04D000F0EFFC01F007
:102F88002BFFACE0042005F06BFE15E0EC060020FA
:102F9800646E0108D01000200000C0BF00070020A8
:102FA800210700202207002097F8373003F00F038D
:102FB800DBB2002B7FF45EAF04F0A4FC494BB3F8FE
:102FC8006430184600F010FE97F83E30002B14BF0E
:102FD80001230023DBB283F00103DBB287F83E3024
:102FE80097F83E3003F0010387F83E3097F83E30FB
:102FF800002B0BD03B4B9B6E3B491846FDF7C4FC9E
:1030080003463B64374BDB6DBB6305E0354B9B6E7A
:103018003B64344B1B6EBB6397F847305A1E87F8E6
:103028004720002B7FF48FAE002387F83F304DE018
:10303800FA7997F83F3042FA03F303F00103002BC3
:103048003FD0284B93F859301A4697F83F3042FA48
:1030580003F303F00103002B1BD097F83F30214AFC
:103068000C3352F823301F4A926E11461846FDF76A
:1030780083FB0346184697F83F301A4A52F8233024
:103088001946FDF781FC0346184612F035F93863F6
:1030980011E0144B9B6E83F0004297F83F301149C2
:1030A80051F8233019461046FDF76EFC03461846C2
:1030B80012F022F9386397F83F300C493A6B41F81F
:1030C800232097F83F30013387F83F3097F83F3097
:1030D800032BADD9064B00221A7100E000BF483718
:1030E800BD4680BDD01000200000A0400007002091
:1030F800EC06002080B582B000AF7860786805F0F3
:1031080057FD0346002B1CD00F4B0122DA700E4BE3
:103118001B78082B0CD1082005F082FD01F05CFE1D
:10312800094B5B78002B0BD1074B1B78002BF5D193
:1031380000F014FC022005F0B5FD01F04DFE00E0A2
:1031480000BF0837BD4680BDEC06002080B582B0C0
:1031580000AF08F023FBFDF7F3FE03F0E5F903F0F9
:10316800C7FF04F019FC05F02FFA102200212948A6
:1031780010F06EFF284B00221A70284B93F8583035
:1031880003F01003002B02D0234B01221A70224BAC
:103198001B78FB71142200211F4810F059FF1E4AAA
:1031A800FB7913701C4B6422DA711B4B64221A7270
:1031B800194B64225A7210220021194810F048FF56
:1031C800184B00221A70184B00221A70174B002255
:1031D8001A70174B00221A70164B00221A7003F04F
:1031E8007BFAFDF75FFF03F0A1FFFDF7EFFDFFF7A7
:1031F8001DFD01F02FFC00F00DFF04F083FB01F032
:103208009BFAFDF769FF02F03BFB01F0C3FC00BF2E
:10321800BDE700BF00070020EC060020D01000200A
:103228001007002020070020210700202207002087
:10323800230700202407002080B582B000AF786003
:103248003960214B93F8583003F02003002B06D047
:103258001E4B1B78202B02D07868FFF74BFF1B4BC7
:103268001B78022B29D001F0B7FD184B5B78002B97
:1032780025D100F075FF0346002B02D001F0A0FD18
:10328800F1E700BF3968786801F03EF80346002B83
:1032980016D10D4B93F8583003F00203002B0FD0D2
:1032A8003B681B7A03F01003002B09D03B685B686E
:1032B8001946102004F046F802E000BF00E000BF05
:1032C8000837BD4680BD00BFD0100020EC060020A6
:1032D800B0B598B000AFF860B9607A603B6097F815
:1032E80074309B007A681344186897F874309B0010
:1032F8003A6813441B681946FDF73EFA0346BB6457
:1033080097F878309B007A681344186897F87830F3
:103318009B003A6813441B681946FDF72DFA0346CB
:103328007B6497F874309B003A6813441B6883F0F9
:103338000043FB6597F878309B003A6813441B6894
:1033480083F00043BB6597F874309B00FA68134418
:103358001B68B96C1846FDF70DFA03463B6497F8ED
:1033680078309B00FA6813441B68796C1846FDF79F
:1033780001FA0346FB63F96BF86DFDF705FB03469D
:103388001C46396CB86DFDF7FFFA0346194620460E
:10339800FDF7F0F903461C46396CF86DFDF7F4FAB1
:1033A80003461D46F96BB86DFDF7EEFA034619465C
:1033B8002846FDF7E1F903461946204611F016FFA5
:1033C800786597F88030002B1BD0786DFDF79EF854
:1033D80099A3D3E90023FDF765F90346002B2BD009
:1033E800786DFDF793F896A3D3E90023FCF72EFF39
:1033F80002460B4610461946FDF768F903467B65F9
:103408001AE0786DFDF782F88FA3D3E90023FDF762
:103418003FF90346002B0FD0786DFDF777F888A3A6
:10342800D3E90023FCF714FF02460B461046194661
:10343800FDF74CF903467B654FF07C51786DFDF73D
:10344800A3FA0346396F1846FDF79EFA034623F0A0
:1034580000447F4BDD6C3B6F19461846FDF78CF92D
:1034680003461A467A4BDB6C19461046FDF782F97B
:10347800034619462846FDF787FA0346184611F011
:10348800B7FE034619462046FDF732FB03461846A9
:1034980012F01AF803461846FDF778FC03467B87B6
:1034A8007B8F002B00F08D81BB681B7A03F008032B
:1034B800002B15D0BB681C687B8F1846FDF710FAE7
:1034C800034619462046FDF75FFA03461A46BB68CD
:1034D8001A60BB681B7A23F00803DAB2BB681A7259
:1034E8007B8F1846FDF7FCF903461946786DFDF702
:1034F800FFFA03467B63002387F853303BE097F8D5
:10350800532097F87C309A4203D097F85330032B16
:1035180023D197F853309B00FA681344186897F83A
:1035280053309B007A6813441B681946FDF722F94B
:1035380003461D467B8F1846FDF7D2F9034697F8D8
:10354800534019462846FDF7D3FA03461A46A30006
:1035580060333B4443F8502C08E097F853309B0005
:1035680060333B444FF0000243F8502C97F8533037
:10357800013387F8533097F85330032BBFD9796B51
:10358800786BFDF701FA034619464FF08040FDF7C6
:10359800F1F803463B632F49786BFDF7F5F90346CD
:1035A8001C464FF08141386BFDF7E6F80346194693
:1035B8002046FDF7E9F90346FB624FF07C51386B72
:1035C800FDF7E2F903463B63002387F84F300123F8
:1035D800A7F85030EFE097F84F300B2B3CD8F96A3A
:1035E800F86DFDF7D1F903461C46396BB86DFDF748
:1035F800CBF9034619462046FDF7BEF803463B6261
:10360800396BF86DFDF7C0F903461C46F96AB86DC9
:10361800FDF7BAF9034619462046FDF7ABF803460D
:10362800FB653B6ABB6597F84F30013387F84F302D
:1036380071E000BFAFF300808DEDB5A0F7C6A0BE66
:10364800182D4454FB2119408DEDB5A0F7C6A03EB6
:10365800D0100020ABAA2A3EB7F850301846FDF724
:103668003FF90346796B1846FDF78EF9034618466D
:1036780011F0DCFDB862B7F850301846FDF730F9A4
:103688000346796B1846FDF77FF90346184611F093
:10369800FFFD786297F874309B003A6813441B6802
:1036A80083F00043B96A1846FDF76EF903461C46D5
:1036B80097F878309B003A6813441B68796A184673
:1036C800FDF762F9034619462046FDF755F803460B
:1036D800FB6597F874309B003A6813441B6883F0C5
:1036E8000043796A1846FDF74FF903461C4697F8D8
:1036F80078309B003A6813441B68B96A1846FDF78E
:1037080043F9034619462046FDF734F80346BB65DE
:10371800002387F84F3097F874309B007A68D418E4
:10372800F96DB86CFDF728F80346236097F87830F0
:103738009B007A68D418B96D786CFDF71DF80346BC
:103748002360002387F8533024E097F8532097F834
:103758007C309A4203D097F85330032B15D197F851
:1037680053309B007A681344186897F853309B00CD
:1037780060333B4453F8501C97F853309B007A68E9
:10378800D418FCF7F9FF0346236097F85330013348
:1037980087F8533097F85330032BD6D9B96878682F
:1037A800FFF74AFD0B4B5B78002B0FD1B7F8503071
:1037B8000133A7F85030B7F850207B8F9A42FFF4B6
:1037C8000AAFB968F868FFF737FD00E000BF603757
:1037D800BD46B0BDEC06002080B582B000AF786071
:1037E800074B1B78022B06D001F0D2FA002178682B
:1037F80000F0C0F900E000BF0837BD4680BD00BF3B
:10380800EC06002080B582B000AF0346FB71FFF7DD
:1038180013FA0420FFF736FA0320FFF733FA01F012
:10382800DBFA074B5B78002B06D1FDF755FC00F05F
:1038380083FFFFF7FBF900E000BF0837BD4680BDF6
:10384800EC06002090B587B000AFF860B960134669
:10385800FB713E4B1B78022B01D1002372E001F073
:1038680097FA3A4B5B78002B01D002236AE0FB7988
:1038780003F00803002B14BF01230023DBB2FB7500
:10388800FB7903F01003002B14BF01230023DBB2E4
:10389800BB752E4B00225A71FB7D184601F0E2F8E9
:1038A80001F008F90346002B09D0042005F0FAF9C5
:1038B80001F092FA002001F0D5F8022342E0B9683D
:1038C800F868FFF7B9FC224B01221A70022005F0B4
:1038D800A7F901F081FA1D4B5B78002B01D0022378
:1038E80030E01A4B1B78002BF3D1194B1B78DBB255
:1038F800012B0DD1BB7D002B06D0164A164B144662
:103908000FCB84E80F0006E0052005F0CBF902E0B4
:103918000E4B01225A710E4B00221A70002001F042
:10392800A1F801F059FA03F0EDFF00F073FB00F085
:1039380003FF02F0F5F8054B5B79002B01D001235A
:1039480000E0002318461C37BD4690BDEC06002059
:1039580020070020100700200007002080B500AFD6
:10396800164B1B78DBB203F01003002B24D1102078
:1039780005F056F903F00DFCFDF743FA104B1B78E0
:1039880003F02C03002B05D10D4B1B7903F0060324
:10399800002B11D00A4B1B78042B08D1094B1B783C
:1039A800DBB2002B06D1062005F07CF902E00320EB
:1039B80005F078F903F014FD00BF80BD2107002051
:1039C800EC0600202207002080B58AB000AFF8601E
:1039D800B9607A60BB681B781A46FB6813447B623F
:1039E8007B6A5A1C7A621B7887F82330002387F891
:1039F800223097F823302D2B09D1012387F8223064
:103A08007B6A5A1C7A621B7887F8233009E097F89A
:103A180023302B2B05D17B6A5A1C7A621B7887F8D6
:103A280023300023FB610023FB760023BB760023B1
:103A38007B7697F82330303B87F8233097F823308C
:103A4800092B25D8BB7E0133BB76BB7E082B12D849
:103A58007B7E002B05D097F91B30DBB2013BDBB234
:103A6800FB76FB699A00FB6913445A0097F82330E8
:103A78001344FB6118E07B7E83F00103DBB2002B6B
:103A880012D097F91B30DBB20133DBB2FB760BE0C7
:103A980097F82330FE2B0ED17B7E83F00103DBB237
:103AA800002B08D001237B767B6A5A1C7A621B782C
:103AB80087F82330BDE7BB7E002B01D100234FE000
:103AC800F869FCF709FF03467B614FF0000178694C
:103AD800FDF7EEF80346002B2CD109E0224978695E
:103AE800FCF752FF03467B61FB7E0233DBB2FB76B9
:103AF80097F91B30B3F1FF3FF0DB97F91B30002B30
:103B080006DA1A497869FCF73FFF03467B6111E042
:103B180097F91B30002B0DDD15497869FCF734FF48
:103B280003467B61FB7E013BDBB2FB7697F91B30DA
:103B3800002BF1DC97F82230002B05D07B6983F04D
:103B480000427B681A6002E07B687A691A607A6AC8
:103B5800FB68D31ADBB2013BDAB2BB681A700123E7
:103B680018462837BD4680BD0AD7233CCDCCCC3D6E
:103B78000000204180B584B000AF78600B46FB7030
:103B880017497868FCF700FF0346184611F058FCFF
:103B980003461846FDF7FAF80346FB8114E0114B7B
:103BA8005B78002B16D1FB78002B02D101F014F9B9
:103BB80007E001F021F90B4B9B7803F00203002B7F
:103BC8000AD1322008F00AFDFB895A1EFA81002B1F
:103BD800E5D102E000BF00E000BF1037BD4680BD60
:103BE8000000A041EC06002080B582B000AF03467B
:103BF800FB8002E0012008F0F1FCFB885A1EFA80E5
:103C0800002BF7D100BF00BF0837BD4680BD90B577
:103C180083B000AF7860396079687868FCF7B4FEE3
:103C280003461C4639683868FCF7AEFE0346194659
:103C38002046FCF7A1FD0346184611F0D9FA0346C1
:103C480018460C37BD4690BD90B587B000AF786078
:103C58004FF000033B610023FB7523E0FB7D9B00D5
:103C68007A6813441B684FF000011846FDF720F8E6
:103C78000346002B13D1FB7D9B007A681344186818
:103C8800FB7D9B007A6813441B681946FCF77CFE91
:103C9800034619463869FCF76FFD03463B61FB7D17
:103CA8000133FB75FB7D032BD8D9386911F0A0FAD5
:103CB800386139694FF07E50FCF71AFF0346FB6004
:103CC8000023FB7510E0FB7D9B007A68134418689D
:103CD800FB7D9B007A68D418F968FCF755FE03460B
:103CE8002360FB7D0133FB75FB7D032BEBD93B691F
:103CF80018461C37BD4690BD80B584B000AF7860CB
:103D08003960234BBB600023FB7339E0FB7B9B00CE
:103D18003A6813441B684FF000011846FCF7C8FFC7
:103D28000346002B29D1FB7B9B007A681344186853
:103D3800FB7B9B003A6813441B681946FCF7D8FEC6
:103D4800034623F000431946B868FCF7BBFF034657
:103D5800002B01D0BB680FE0FB7B9B007A68134403
:103D68001868FB7B9B003A6813441B681946FCF7EC
:103D7800BFFE034623F00043BB60FB7B0133FB73AC
:103D8800FB7B032BC2D9BB6818461037BD4680BDE4
:103D9800FFFF7F7F80B483B000AF0346FB71FB79E0
:103DA8000133FB71FB79242B01D10023FB71FB79D3
:103DB80018460C37BD4680BC704780B483B000AF4E
:103DC8000346FB71FB79002B01D12423FB71FB799E
:103DD800013BFB71FB7918460C37BD4680BC704728
:103DE80090B585B000AF874B1B781846FFF7E5FF05
:103DF8000346FB73844B1B78FA7B9A4200F0FD80E4
:103E0800FA7B1346DB009B1ADB00804A13447B6075
:103E18007B68DC697B681B6A19461846FCF7ACFCB2
:103E280003461A467B685B6A19461046FCF7ACFDE8
:103E3800034619462046FCF745FF0346002B02D0EF
:103E48007B68DB690EE07B681B6A19461846FCF73D
:103E580093FC03461A467B685B6A19461046FCF7D2
:103E680093FD03467A689361FB7B1846FFF7A5FF2D
:103E78000346FB73644B1B78FA7B9A4251D1644B1F
:103E88001B78FA7B9A4251D103F08CFD4EE07B6897
:103E9800BB60FA7B1346DB009B1ADB005B4A1344CA
:103EA8007B60FB7B1846FFF788FF0346FB73584B84
:103EB8001B78FA7B9A4201D103F074FD7B689A69FA
:103EC8007B68DB6919461046FCF7F2FE0346002BB7
:103ED80027D1BB689C697B681B6A19461846FCF7A2
:103EE8004BFC03461A467B685B6A19461046FCF78A
:103EF8004BFD034619462046FCF73EFC03463B6053
:103F08007B68DB6919463868FCF7DCFE0346002B42
:103F180003D07B683A689A6103E07B68DA697B685A
:103F28009A61394B1B78FA7B9A42B0D1364B1B7891
:103F38001A461346DB009B1ADB00344A1344BB6065
:103F4800314B1B781846FFF725FF0346FB734EE0FD
:103F5800BB687B60FA7B1346DB009B1ADB002B4AAD
:103F68001344BB607B689A69BB689B691946104615
:103F7800FCF7A8FE0346002B25D07B689C697B686C
:103F88001B6A19461846FCF7F7FB03461A467B6876
:103F98005B6A19461046FCF7F7FC034619462046AB
:103FA800FCF7EAFB03463B60BB689B691946386827
:103FB800FCF788FE0346002B05D0BB683A689A6177
:103FC800114AFB7B1370BB689A69BB68DB691946A9
:103FD8001046FCF76DFE0346002B02D00A4AFB7B15
:103FE8001370FB7B1846FFF7D5FE0346FB73054BA2
:103FF8001B78FA7B9A42ABD100E000BF1437BD466C
:1040080090BD00BF090F00200B0F002028070020DB
:10401800080F002080B500AF24220021034810F0CB
:1040280017F800F005F800BF80BD00BF0C0F002096
:1040380080B400AF074B00221A70074B00221A7099
:10404800064B01221A70064B00221A7000BFBD46AB
:1040580080BC7047080F0020090F00200A0F0020BD
:104068000B0F002080B582B000AF0E4B1A780E4BB4
:104078001B789A4212D00C4B1B781846FFF78AFE21
:104088000346FB71084B1A78084B1B789A4202D1F9
:10409800064AFB791370044AFB79137000BF08378E
:1040A800BD4680BD090F0020080F00200B0F00201F
:1040B80080B400AF064B1B781A461346DB009B1AE8
:1040C800DB00044A13441846BD4680BC704700BF55
:1040D800090F00202807002080B400AF0A4B1A7887
:1040E8000A4B1B789A4201D1002308E0074B1B7842
:1040F8001A461346DB009B1ADB00054A1344184690
:10410800BD4680BC704700BF090F0020080F002083
:104118002807002080B582B000AF0E4B1B781846E8
:10412800FFF738FE0346FB710B4B1B78FA799A426E
:1041380002D14FF0000308E0FA7908491346DB0082
:104148009B1ADB000B4418331B6818460837BD461A
:1041580080BD00BF080F0020090F0020280700209D
:1041680080B400AF064B1A78064B1B789A4201D1EF
:10417800012300E000231846BD4680BC704700BFFD
:10418800080F00200A0F002080B584B000AF7860C7
:104198007B681B6BFB607B685B7D03F00103002B76
:1041A80011D0224B1B7A1846FCF79AFB034620498C
:1041B8001846FCF7E9FB03461946F868FCF7E4FBE8
:1041C8000346FB6022E07B685B7D03F00403002B61
:1041D80010D1164BDB791846FCF782FB03461449CD
:1041E8001846FCF7D1FB03461946F868FCF7CCFBE8
:1041F8000346FB607B68DB6A1946F868FCF780FDBC
:104208000346002B02D07B68DB6AFB604FF07E51CF
:10421800F868FCF775FD0346002B01D0FB6801E048
:104228004FF07E5318461037BD4680BDEC0600207F
:104238000AD7233C80B584B000AFF860B9607A60D3
:104248007968B868FCF75CFD0346002B08D07968EC
:104258007868FCF799FB03461A46FB68DA6107E0C1
:10426800B968B868FCF790FB03461A46FB68DA6140
:10427800FB68DA69FB689B6A19461046FCF740FD43
:104288000346002B00D103E0FB689A6AFB68DA61F9
:1042980000BF1037BD4680BD80B584B000AF154B58
:1042A8001B78FB73144BBB6018E0FA7B1346DB00EA
:1042B8009B1ADB00114A13447B607868FFF764FFA0
:1042C8003860BA6839687868FFF7B4FF3B68BB6044
:1042D800FB7B1846FFF75EFD0346FB73084B1B7814
:1042E800FA7B9A42E1D1074ABB68136200BF1037D4
:1042F800BD4680BD080F0020FFFF7F7F28070020F4
:10430800090F00200C0F002090B59BB000AF78601B
:104318003960AF4B1B781A461346DB009B1ADB004B
:10432800AC4A1344FB6538220021F86D0FF090FE6B
:104338003B681A7AFB6D5A753B685A68FB6D5A637D
:10434800FB6D5B7D03F00203002B06D0A24B07F147
:104358002C040FCB84E80F0005E0A04B07F12C04D8
:104368000FCB84E80F00002387F867307BE097F8CD
:1043780067309B007A6813441A6897F86730984941
:1043880051F8233019461046FCF7FEFA034697F811
:104398006740184610F0B0FF0246A30068333B445C
:1043A80043F82C2C97F867309B0068333B4453F84C
:1043B8002C2C97F867309B0068333B4453F83C3CFF
:1043C800D31A002BB8BF5B4297F867201946FB6DDC
:1043D80043F8221097F86720FB6D53F82220FB6DF5
:1043E8001B699A4238BF1A46FB6D1A6197F8673005
:1043F8009B0068333B4453F82C2C97F867309B009C
:1044080068333B4453F83C3CD31A1846FCF768FA27
:10441800024697F86730724951F82330194610461A
:10442800FCF766FB0346FB6497F867309B0068332C
:104438003B44FA6C43F84C2C4FF00001F86CFCF745
:1044480041FC0346002B09D0FB6D1A7D97F86730B5
:104458006449CB5C1343DAB2FB6D1A7597F8673081
:10446800013387F8673097F86730032B7FF67FAF03
:10447800FB6D1B69002B01D100234EE107F11C03E2
:104488001846FFF7E1FB0246FB6D5A6207F11C0371
:1044980019465548FFF730FC0246FB6D1A6207F1D2
:1044A8001C0319465148FFF727FC0246FB6DDA62E8
:1044B800FB6D5B7D03F00103002B04D0FB6DDA6A12
:1044C800FB6D1A6315E03B681A68FB6D1A63FB6D98
:1044D8005B7D03F00803002B0BD0FB6D1A6BFB6DA3
:1044E8005B6A19461046FCF74FFA03461A46FB6DFD
:1044F8001A63374B1A783E4B1B789A4205D0FB6DEE
:104508005B7D03F00203002B08D0FB6D4FF0000227
:104518009A61FB6D4FF000029A62CBE04FF0000306
:104528003B66002387F8673036E097F867302B4AF8
:10453800043352F8232097F867309B0068333B44D4
:1045480053F84C3C19461046FCF71EFA0346194628
:10455800386EFCF70FF903463B6697F867309B0007
:1045680068333B4453F84C2C97F867301B490433A5
:1045780051F8233097F8674019461046FCF7FAF8C7
:1045880003461A46A30068333B4443F85C2C97F86B
:104598006730013387F8673097F86730032BC4D941
:1045A8001449386EFCF7ACFB0346002B04D0FB6DB6
:1045B8004FF000029A627DE00F49386EFCF782FBEB
:1045C8000346002B1CD0FB6D0C4A9A6272E000BFB8
:1045D800090F002028070020000700200C0F0020EA
:1045E800D0100020686E0108F0100020E0100020B4
:1045F800080F0020EFFF7F3FEFFF7FBFFFFF7F7FA8
:1046080007F10C031846FFF71FFB07F10C031946C7
:104618004448FFF771FBB865396E4FF07E50FCF7E0
:10462800A9F803464FF07C511846FCF7ADF903464C
:10463800184610F0DDFD78653B4B9B6CB96D18464C
:10464800FCF7A2F90346796D1846FCF79DF9034675
:104658001C46796D4FF07E50FCF78CF803461946DE
:104668002046FCF745FA03464FF000011846FCF7D0
:1046780029FB0346002B02D04FF0000218E02A4B1A
:104688009B6CB96D1846FCF77FF90346796D18469F
:10469800FCF77AF903461C46796D4FF07E50FCF71B
:1046A80069F8034619462046FCF722FA03461A46DB
:1046B800FB6D9A62FB6D5B7D03F00203002B2BD12F
:1046C800F86DFFF761FD3865184B1B6A1A46396D9E
:1046D800F86DFFF7AFFD154A3B6D1362134B03F1FD
:1046E800100407F11C030FCB84E80F000F4B1C4686
:1046F80007F13C030FCB84E80F000D4B1A780D4BE4
:104708001A700C4B1B781846FFF744FB03461A46F1
:10471800074B1A70FFF764FB012318466C37BD4638
:1047280090BD00BFF0100020D01000200C0F00201A
:104738000A0F0020090F002080B483B000AF0023C7
:10474800FB710AE0FA79FB79084951F822200849F7
:1047580041F82320FB790133FB71FB79032BF1D955
:1047680000BF00BF0C37BD4680BC70470007002063
:104778000C0F002080B400AF0D4B1A780D4B1B783E
:104788009A4208D30B4B1A78094B1B78D31ADBB221
:104798002333DBB207E0074B1A78054B1B78D31A93
:1047A800DBB2013BDBB21846BD4680BC704700BF98
:1047B800090F0020080F002080B500AF03F0F2F8C1
:1047C800034B1A78034B1A70FFF70AFB00BF80BD32
:1047D800080F00200B0F002080B582B000AF786072
:1047E80006E07B685A1C7A601B78184601F00AFFBD
:1047F8007B681B78002BF4D100BF00BF0837BD468B
:1048080080BD000080B584B000AF0346FB71002373
:10481800FB730023BB73FB79632B12D9FA79204B06
:10482800A3FB0213D9080B469B000B445B00D31A69
:10483800DBB23033FB73FB79194AA2FB0323DB0895
:10484800FB71FB79092B12D9FA79154BA3FB0213DB
:10485800D9080B469B000B445B00D31ADBB23033FC
:10486800BB73FB790E4AA2FB0323DB08FB71FB79C0
:104878003033DBB2184601F0C5FEBB7B002B03D0FA
:10488800BB7B184601F0BEFEFB7B002B03D0FB7BF5
:10489800184601F0B7FE00BF1037BD4680BD00BF07
:1048A800CDCCCCCC80B588B000AF78600B46FB701F
:1048B8004FF000017868FCF705FA0346002B06D094
:1048C8002D2001F09FFE7B6883F000437B60FB781E
:1048D800FB7708E03A497868FCF756F803467B60AE
:1048E800FB7F023BFB77FB7F012BF3D8FB7F002B81
:1048F80005D034497868FCF747F803467B604FF0E9
:104908007C517868FBF738FF03467B600023BB7750
:104918007868FCF715FA0346BB6119E0B9692A4BB8
:10492800A3FB0123DA0813469B0013445B00CA1A51
:10493800D2B2BB7F591CB9773032D2B220333B4454
:1049480003F8182CBB69204AA2FB0323DB08BB61D0
:10495800BB69002BE2D107E0BB7F5A1CBA77203332
:104968003B44302203F8182CBA7FFB789A42F3D3E1
:10497800BA7FFB789A421BD1BB7F5A1CBA77203387
:104988003B44302203F8182C12E0BA7FFB789A4295
:1049980002D12E2001F036FEBB7F013B20333B4481
:1049A80013F8183C184601F02DFEBB7F013BBB777E
:1049B800BB7F002BE9D100BF00BF2037BD4680BDBB
:1049C8000000C84200002041CDCCCCCC80B582B0DC
:1049D80000AF78600C4B93F8583003F00103002BBC
:1049E80009D00A497868FBF7CFFF03460421184627
:1049F800FFF758FF03E003217868FFF753FF00BF74
:104A08000837BD4680BD00BFD01000208B42213D35
:104A180080B582B000AF78600C4B93F8583003F043
:104A28000103002B09D00A497868FBF7ADFF03465C
:104A380001211846FFF736FF03E000217868FFF7E9
:104A480031FF00BF0837BD4680BD00BFD010002031
:104A58008B42213D80B500AF002000F003F800BF75
:104A680080BD000080B483B000AF0346FB710F4BDC
:104A780000221A700E4B93F858305BB2002B06DBFD
:104A88000A4B1B7883F00103DAB2084B1A70FB79E2
:104A9800002B06D0054B1B7883F00103DAB2034BD9
:104AA8001A7000BF0C37BD4680BC7047300F00201D
:104AB800D010002080B500AF07F018F80346002B8F
:104AC80001D0012300E00023044A1278934214BF66
:104AD80001230023DBB2184680BD00BF300F002041
:104AE80098B500AFFFF7E6FF0346002B10D0094B3F
:104AF80000221A70084A094B14460FCB84E80F00AD
:104B0800074B1B78DBB243F04003DAB2044B1A7050
:104B180000BF98BD200700201007002000070020D4
:104B28002107002080B582B000AF06F07DFD034666
:104B3800FB71FB79022B03D1124B01221A701DE085
:104B4800FB79012B17D1104B9B78002B07D00E4B0C
:104B58001B78102B11D1202004F0FEF80DE002F094
:104B680005FB0346002B01D1084B00E0084B184613
:104B7800FCF7BEFA02E000BF00E000BF0837BD4600
:104B880080BD00BF840F0020EC0600206466010889
:104B98006866010880B582B000AF774B93F858304B
:104BA80003F00803002B0AD0FEF74CF80346002B4D
:104BB80005D0724B01221A70072000F0F1FD6F4BEF
:104BC8001B7803F08103002B06D0022000F0E8FDDB
:104BD8006A4B01221A7014E0684B00221A7003F025
:104BE80000FD0346002B09D0654B1B78DBB243F070
:104BF8002003DAB2624B1A7000F0EEF8614803F055
:104C0800F7FC614B1B78002B0ED0604A3B461268BC
:104C1800114619800233120C1A705B4B00221A706D
:104C28003B46184603F014FD0023FB710023BB71BB
:104C380088E07B790A2B02D07B790D2B3DD100F0DF
:104C4800CBF84E4B5B78002B40F08F80BB794D4AF8
:104C58000021D154FB7903F00103002B03D00B2072
:104C680000F068FD24E0474B1B78002B03D100209F
:104C780000F060FD1CE0434B1B78242B07D1414812
:104C880003F0E6FC0346184600F054FD10E03B4BE9
:104C98001B7803F02103002B03D0092000F04AFD04
:104CA80006E03848FCF724FA0346184600F042FDAF
:104CB8000023FB710023BB7144E0FB79002B0CD06F
:104CC8007B79292B3ED1FB7903F00203002B39D0E5
:104CD800FB7923F00203FB7134E07B79202B31D977
:104CE8007B792F2B2ED07B79282B04D1FB7943F0AD
:104CF8000203FB7126E07B793B2B04D1FB7943F05F
:104D08000403FB711EE0BB794E2B04D9FB7943F0F9
:104D18000103FB7116E07B79602B0CD97B797A2B28
:104D280009D8BB795A1CBA711A467B79203BD9B28B
:104D3800144B995406E0BB795A1CBA711946114AAA
:104D48007B79535401F086FC03467B717B79FF2BFA
:104D58007FF46FAFFFF7E6FE00F032F800F03CF8A2
:104D6800064B5B78002B02D1ECE700BF00E000BFE8
:104D78000837BD4680BD00BFD0100020EC060020DB
:104D880021070020340F0020840F00206C660108E2
:104D980080B500AF00F014F800F01EF8074B5B7800
:104DA800002B09D1FFF798F90346002BF4D1034BE8
:104DB8001B78082BF0D000E000BF80BDEC06002077
:104DC80080B500AFFFF788F90346002B02D0022018
:104DD80003F026FF00BF80BD80B500AF00F00CF8DF
:104DE80006F0E6FC034B9B78002B01D000F0CEFACE
:104DF80000BF80BDEC06002080B582B000AF9D4B9F
:104E08001B78FB70FB78002B1BD09B4B01221A7080
:104E1800FB78184600F0ACFCFB78012B02D0FB783D
:104E2800022B0CD1012000F0BBFC102003F018FF6E
:104E3800924B1B78DBB203F01003002BF8D003F081
:104E480051FF8E4B1B78FB70FB78002B00F07D81A7
:104E5800FB7803F01003002B03D0874B01225A7014
:104E68008AE2FB7803F00103002B04D000F0EAFF8C
:104E7800012003F0F5FEFB7803F0E803002B00F0B7
:104E880095807D4B1B7803F00303002B79D17A4B77
:104E98001B7803F02803002B19D0774B9B7803F07D
:104EA800C003002B13D102F07DFD734B02221A714F
:104EB800714B1B78202B0AD197F90330002B06DBA6
:104EC8006D4B9B7863F07F03DAB26B4B9A706A4B39
:104ED8001B78002B02D1684B01229A70FB7803F0F3
:104EE8004003002B0CD0644B1B7803F02003002BED
:104EF80006D1614B9B7843F04003DAB25E4B9A705F
:104F0800FB7803F00803002B08D05B4B1B7803F0F9
:104F1800E003002B02D1584B10221A70FB7803F0E3
:104F28002003002B2DD0062000F03AFC524B9B7832
:104F38005BB2002B1EDB504B1B78402B13D14E4B22
:104F48009B7803F00803002B0DD04B4B9B7823F084
:104F58001C03DAB2484B9A70474B9B7843F0020324
:104F6800DAB2454B9A70444B1B78802B02D0424BE7
:104F780040221A70404B9B7843F02003DAB23E4B34
:104F88009A7097F90330002B0DDA3B4B1B78012BF5
:104F980006D1394B9B7843F00503DAB2364B9A7049
:104FA800354B80221A70E82003F05AFEFB7803F094
:104FB8000203002B6DD0FB7803F06803002B65D14A
:104FC8002D4B1B78402B1CD12B4B9B7803F02003D7
:104FD800002B16D1284B9B7803F01003002B03D02D
:104FE800254B00221A700CE0234B9B7803F0040336
:104FF800002B06D0204B9B7843F00803DAB21E4BF7
:105008009A701D4B1B78002B0BD01B4B1B7803F0A1
:105018001003002B3AD0184B9B7803F00103002BA8
:1050280034D0154B1B78102B0BD1134B9B7A002BCC
:1050380007D0114B9B7A43F00803DAB20E4B9A72F1
:1050480024E00D4B00221A71FFF746F80346002BA7
:1050580016D0094B9B7803F04003002B10D1064B68
:1050680000229A70044B08221A7002F0D1FC02F058
:1050780081F90BE022070020EC0600202107002020
:10508800974B00229A70964B00221A70022003F068
:10509800E7FDFB7803F00403002B56D0904B1B78F8
:1050A80003F0D003002B1FD08D4BDB78002B1BD1D6
:1050B8008B4B9B785BB2002B16DBFFF77DFB884B95
:1050C8001B7903F00203002B06D0854B9B7843F035
:1050D8000103DAB2824B9A70814B1B7923F00603E5
:1050E800DAB27F4B1A712DE07D4B9B785BB2002BB7
:1050F8000ADA7B4B00221A71FEF78CFF02F002FCE1
:10510800FBF7EAFFFFF718FB754B9B7803F02003CA
:10511800002B11D0724B9B7803F07F03DAB2704BEF
:105128009A706F4B9B7843F00103DAB26C4B9A701C
:105138006B4B40221A7005E0694B00229A70684B4D
:1051480000221A70042003F08BFD664B1B78FB705D
:10515800FB78002B63D003F01FFE614BDB79FB71FA
:10516800FB7803F00103002B01D06423FB71FB786B
:1051780003F00203002B02D0FB790A33FB71FB78A2
:1051880003F00403002B02D0FB790A3BFB71FB7888
:1051980003F00803002B02D0FB790133FB71FB7885
:1051A80003F01003002B02D0FB79013BFB71FB7964
:1051B800C82B28BFC823FB71FB790A2B38BF0A23E9
:1051C800FB71474B1B7ABB71FB7803F02003002B64
:1051D80001D06423BB71FB7803F04003002B01D09E
:1051E8003223BB7197F90330002B01DA1923BB7105
:1051F8003B4BDB79FA799A4204D1394B1B7ABA795D
:105208009A420CD0364AFB79D371354ABB7913726E
:10521800334B0022DA72FFF73FF8FFF7CDFA324B33
:105228001B78FB70FB78002B00F0948003F0CEFD18
:105238002B4B5B7A7B71FB7803F00103002B01D0C9
:1052480064237B71FB7803F00203002B02D07B7987
:105258000A337B71FB7803F00403002B02D07B79BF
:105268000A3B7B71FB7803F00803002B02D07B79A3
:1052780001337B71FB7803F01003002B02D07B799C
:10528800013B7B717B79C82B28BFC8237B717B7955
:105298000A2B38BF0A237B71114B5B7A7A799A42C1
:1052A8000CD00F4B1B7943F00803DAB20C4B1A7180
:1052B8000B4A7B7953720A4B0022DA72FB7803F0AF
:1052C8002003002B1FD0064B1B78102B1BD1044B3F
:1052D8009B7A002B0AD1024B02229A7213E000BF7C
:1052E800EC0600202307002024070020244B9B7A8B
:1052F80003F00103002B06D0214B9B7A43F00403F3
:10530800DAB21F4B9A72FB7803F0C003002B21D04E
:105318001B4B1B78002B05D0194B1B7803F0180387
:10532800002B17D0174B1B7A3B713B7903F04003D6
:10533800002B04D03B7923F040033B7103E03B7919
:1053480043F040033B713B791846FBF765FD0D4A76
:105358003B7913720C4B1B78DBB2002B04D000F0A6
:10536800FFFF094B00221A70054B1B7803F0FC0362
:10537800002B01D002F04CFB0837BD4680BD00BFB2
:10538800EC060020540600202507002080B584B0D4
:1053980000AFFEF7A1FE78607B68002B09D19E4B19
:1053A8005A7A9D4B1B7A1343FB739B4BDB68BB609C
:1053B80005E07B685B7DFB737B685B6BBB60974B31
:1053C80093F8583003F00203002B00F01B812020D3
:1053D80003F0C2FC16E1924B5B78002B40F0188179
:1053E8008F4B9B7803F00103002B00F005818C4B59
:1053F8001B7803F0C003002B00F09D80884B9B783E
:1054080003F00403002B19D1854B00229A724FF048
:105418000001002001F058FF0020FBF7FDFC804B45
:105428009B7823F00203DAB27D4B9A707C4B9B7811
:1054380043F00403DAB27A4B9A70DDE0784B1B78BC
:10544800802B14D10B2000F0ABF94FF000010020A5
:1054580001F03AFF0020FBF7DFFC01F0C1FF01E09B
:10546800FFF7CAFC6E4B5B78002BF9D0D1E06C4B90
:105478001B78402B0BD103F0B4F80346002B06D160
:10548800674B9B7823F02003DAB2654B9A70644B24
:105498009B7803F00803002B00F0AE805E4B5B7A2C
:1054A800002B21D05E4B9B7803F00203002B1BD10D
:1054B8005A4B93F8583003F00203002B07D0584B8F
:1054C8001B7943F00803DAB2554B1A710CE0FB7BE9
:1054D80003F03003DBB2B968184601F0F5FE01218C
:1054E8004FF08140FEF746FB4B4B1B7A002B11D047
:1054F8004B4B9B7803F00203002B0BD1FB7B03F093
:105508004003DBB21846FBF787FC01214FF07E50C1
:10551800FEF730FB424B9B7803F00203002B6BD164
:105528003F4B9B7843F01003DAB23D4B9A70022050
:1055380003F076FB60E03A4B9B7A002B47D0384B60
:105548009B7A03F00203002B10D0334B5B7A002BBD
:1055580008D04FF00001002001F0B6FE304B0122C8
:105568009A7249E02E4B00229A7245E02C4B9B7AA6
:1055780003F00C03002B3FD0274B5B7A002B19D08C
:105588000A2000F00DF9254B93F8583003F0020378
:10559800002B07D0224B1B7943F00803DAB2204BCB
:1055A8001A7107E0FB7B03F03003DBB2B9681846D9
:1055B80001F08AFE1A4B9B7A03F00803002B02D0F5
:1055C800022003F02DFB164B00229A7214E0144BB4
:1055D8001B7903F00803002B0ED0FB7B03F030038C
:1055E800DBB2B968184601F06FFE0D4B1B7923F04A
:1055F8000803DAB20A4B1A7106F0DAF8FFF792FAE2
:10560800FFF7FAFB064B9B78002B7FF4E4AE00E033
:1056180000BF1037BD4680BD54060020D0100020C2
:10562800EC06002080B582B000AF0346FB71242051
:1056380000F0E8FFFB791846FFF7E4F83D2000F09A
:10564800E1FF00BF0837BD4680BD000080B500AF50
:105658000248FFF7C1F800BF80BD00BF70660108AF
:1056680080B500AF5D2000F0CDFFFFF7EFFF00BF72
:1056780080BD000080B500AF0248FFF7ADF800BF5D
:1056880080BD00BF7466010880B500AF0248FFF70F
:10569800A3F800BF80BD00BF7866010880B584B05C
:1056A80000AF78600023FB7310E0FB7B9B007A68F7
:1056B80013441B681846FFF789F9FB7B022B02D8B5
:1056C8002C2000F09FFFFB7B0133FB73FB7B032B3C
:1056D800EBD900BF00BF1037BD4680BD80B582B092
:1056E80000AF03463960FB71FB791846FFF79AFF54
:1056F8003B68DBB21846FFF785F8FFF7A7FF00BF46
:105708000837BD4680BD80B582B000AF034639601A
:10571800FB711346BB71FB791846FFF783FFBB7912
:1057280019463868FFF7BEF8FFF790FF00BF083743
:10573800BD4680BD80B582B000AF0346FB71FB79E2
:10574800002B03D10848FFF747F809E00748FFF79F
:1057580043F8FB791846FFF755F8FFF777FF00BFC6
:1057680000BF0837BD4680BD7C6601088466010815
:1057780080B582B000AF0346FB710848FFF72CF8EC
:10578800FB791846FFF73EF8FFF760FF4FF4FA7011
:10579800FEF72AFA00BF0837BD4680BD8C660108AF
:1057A80080B582B000AF0346FB712948FFF714F8B3
:1057B800FB79013B0A2B45D801A252F823F000BF20
:1057C800F5570008FD570008055800080D5800084F
:1057D800155800081D580008255800082D580008BD
:1057E800355800083D580008455800081948FEF784
:1057F800F3FF27E01848FEF7EFFF23E01748FEF70E
:10580800EBFF1FE01648FEF7E7FF1BE01548FEF721
:10581800E3FF17E01448FEF7DFFF13E01348FEF735
:10582800DBFF0FE01248FEF7D7FF0BE01148FEF749
:10583800D3FF07E01048FEF7CFFF03E00F48FEF75D
:10584800CBFF00BFFFF70CFF00BF0837BD4680BD88
:10585800946601089C660108B0660108C4660108E0
:10586800D8660108E0660108EC660108F8660108D8
:1058780008670108106701082467010838670108EC
:1058880080B500AF0248FEF7A7FF00BF80BD00BF8C
:105898004467010880B500AF0248FEF79DFF00BFCE
:1058A80080BD00BF6467010890B583B000AF9A4B14
:1058B80093F8403019460020FFF710FF964B93F8F5
:1058C800433019460120FFF709FF934B93F8413005
:1058D80019460220FFF702FF8F4B93F84230194612
:1058E8000320FFF7FBFE8C4B93F8583003F00403BA
:1058F800002B14BF01230023DBB219460420FFF755
:10590800EDFE854B93F8583003F04003002B14BF8D
:1059180001230023DBB219460520FFF7DFFE7E4B8B
:1059280093F858305BB2DBB2DB09DBB219460620CC
:10593800FFF7D4FE784B93F8443019460A20FFF756
:10594800CDFE754B9B6C032219460B20FFF7DBFE3F
:10595800714BDB6C032219460C20FFF7D4FE6E4B0B
:1059680093F8583003F0010319460D20FFF7B6FEEF
:10597800694B93F8583003F02003002B14BF012320
:105988000023DBB219461420FFF7A8FE624B93F8F8
:10599800583003F00803002B14BF01230023DBB2A7
:1059A80019461520FFF79AFE5B4B93F8583003F021
:1059B8001003002B14BF01230023DBB21946162065
:1059C800FFF78CFE544B93F8593019461720FFF710
:1059D80085FE514BDB6D032219461820FFF793FE15
:1059E8004D4B1B6E032219461920FFF78CFE4A4BBC
:1059F800B3F8643019461A20FFF770FE464B9B6EC9
:105A0800032219461B20FFF77EFE434B1B6D002225
:105A180019461E20FFF777FE3F4B5B6D00221946A3
:105A28001F20FFF770FE3C4B93F8583003F0020339
:105A3800002B14BF01230023DBB219462020FFF7F7
:105A48004DFE64237B710023BB715CE00023FB7176
:105A580050E0BB79032B4AD801A252F823F000BFCB
:105A6800795A0008935A0008AF5A0008D75A000814
:105A78007A79FB791344D8B2FB79274A52F8233054
:105A880003221946FFF73FFE31E07A79FB79134488
:105A9800D8B2FB79204A043352F82330032219463E
:105AA800FFF731FE23E07A79FB791344DCB2FB7906
:105AB800194A083352F8233018491846FBF718F8E2
:105AC8000346032219462046FFF71DFE0FE07A79A8
:105AD800FB791344D8B2FB790F4A0C3352F82330C0
:105AE80083F0004303221946FFF70DFE00BFFB7940
:105AF8000133FB71FB79032BABD97B790A337B71BB
:105B0800BB790133BB71BB79032B9FD900BF00BFA1
:105B18000C37BD4690BD00BFD01000200000614585
:105B280080B584B000AF0D48FEF756FE3B460C49E1
:105B3800184603F01FF83B461846FFF7AFFD3A201A
:105B480000F060FD074B5B791846FEF75BFEFFF738
:105B580087FD00BF1037BD4680BD00BFB067010894
:105B680010070020EC06002080B586B000AF0023A7
:105B7800FB7530E03A1DFB7D1146184601F08AF8A6
:105B88000346002B03D10720FFF7D4FD3AE01F4856
:105B9800FEF722FEFB7D062B02D0072B04D007E080
:105BA8001B48FEF719FE0AE01A48FEF715FE06E044
:105BB800FB7D3633DBB21846FEF724FE00BF3A20E1
:105BC80000F020FD3B1D1846FFF768FDFFF748FD74
:105BD800FB7D0133FB75FB7D072BCBD90E48FEF708
:105BE800FBFD0E48FFF75AFDFFF73AFD0C48FEF79C
:105BF800F3FD0C4BDB6C1846FEF7E8FEFFF730FDB3
:105C0800FFF78EFF1837BD4680BD00BFB867010893
:105C1800BC670108C0670108C46701089006002036
:105C2800CC6701085406002080B500AF5148FEF744
:105C3800D3FD514B1B788B2B0AD95048FEF7CCFD6E
:105C48004D4B1B787633DBB21846FEF7DBFD04E0DC
:105C5800494B1B781846FEF7D5FDFFF70BFD464B61
:105C68009B793633DBB21846FEF7CCFDFFF702FD11
:105C7800414B1B791133DBB21846FEF7C3FDFFF722
:105C8800F9FC3D4B9B78C3F11503DBB21846FEF7D0
:105C9800B9FDFFF7EFFC384BDB785A33DBB2184617
:105CA800FEF7B0FDFFF7E6FC334B5B78C3F15E030C
:105CB800DBB21846FEF7A6FD2F4BDB79002B15D07B
:105CC800FFF7E2FC2C4BDB791E2B09D01E2B0DDCD9
:105CD800022B05D0032B09D1302000F093FC05E0FE
:105CE800254BDB791846FEF78DFD00BFFFF7CCFC8E
:105CF800214B5B7A202B09D0202B0FDC002B09D0FD
:105D0800102B0BD1332000F07DFC07E0342000F08D
:105D180079FC03E0352000F075FC00BFFFF7B4FC08
:105D2800FFF7B2FC144B1B7A002B03D0382000F08D
:105D380069FC02E0392000F065FC1148FEF74CFDD3
:105D48000D4B1B7D1846FEF75DFD0E48FEF744FD22
:105D5800094B1B691846FEF75BFE0B48FEF73CFD36
:105D6800054BDB6800211846FEF79CFDFFF778FC21
:105D780000BF80BDD467010854060020DC67010815
:105D8800E0670108E4670108E867010880B582B0A8
:105D980000AF03463960FB710948FEF71DFDFB792A
:105DA8001846FEF72FFD3D2000F02CFC3868FEF762
:105DB80013FDFFF74BFC00BF0837BD4680BD00BF91
:105DC800EC67010880B582B000AF78600B46FB70C5
:105DD8003E2000F017FC7868FEF7FEFC3A2000F041
:105DE80011FCFB781846FFF7A5FC00BF0837BD4635
:105DF80080BD000080B582B000AF78600F48FEF724
:105E0800EBFC7868FEF7E8FCFFF72AFC0C48FEF785
:105E1800E3FC562000F0F6FB2C2000F0F3FB2320D7
:105E2800FEF7F0FC2C2000F0EDFBFE20FEF7EAFC6C
:105E3800FFF716FC00BF0837BD4680BDF0670108B4
:105E48000468010890B58FB000AF9D4B07F120049E
:105E58000FCB84E80F0007F1200207F11003114669
:105E6800184602F087FE3C2000F0CCFB954B1B78CF
:105E7800802B00F0A780802B00F3A880202B4BDC20
:105E8800002BC0F2A380202B00F2A08001A252F8C0
:105E980023F000BF275F0008735F00087B5F0008DE
:105EA800D55F00086B5F0008D55F0008D55F000864
:105EB800D55F00082F5F0008D55F0008D55F000890
:105EC800D55F0008D55F0008D55F0008D55F0008DA
:105ED800D55F0008375F0008D55F0008D55F000868
:105EE800D55F0008D55F0008D55F0008D55F0008BA
:105EF800D55F0008D55F0008D55F0008D55F0008AA
:105F0800D55F0008D55F0008D55F0008D55F000899
:105F1800D55F0008635F0008402B2ED056E06A4822
:105F2800FEF75AFC52E06948FEF756FC4EE0654B16
:105F38009B785BB2002B10DB6548FEF74DFC614B8C
:105F48009B7803F00103002B03D0302000F05AFBAC
:105F58003CE0312000F056FB38E05E48FEF73CFCA0
:105F680034E05D48FEF738FC30E05C48FEF734FC6E
:105F78002CE05B48FEF730FC28E05A48FEF72CFC82
:105F8800504B9B7803F00803002B03D0332000F01C
:105F980039FB1BE04B4B9B7803F00403002B0DD01F
:105FA800484B9B7803F02003002B03D0312000F0EE
:105FB80029FB0BE0302000F025FB07E0322000F041
:105FC80021FB03E04848FEF707FC00BF474B93F866
:105FD800443003F00103002B03D03A4B1B7B002B0A
:105FE80063D1002387F837305BE097F83730404AB1
:105FF8000A339B0013445A6897F837303C490E33EC
:106008009B000B445B6897F8374019461046FAF72F
:10601800B3FB03461A46A30038333B4443F8382CF5
:1060280097F83730022B15D197F837309B00383363
:106038003B4453F8383C2E4AD26C97F83740114607
:106048001846FAF799FB03461A46A30038333B442F
:1060580043F8382C254B93F8443003F00103002B08
:106068001AD197F837309B0038333B4453F8282C23
:1060780097F837309B0038333B4453F8383C97F84F
:10608800374019461046FAF775FB03461A46A3002F
:1060980038333B4443F8282C97F83730013387F8D6
:1060A800373097F83730032B9FD9104B93F844308B
:1060B80003F00103002B1FD00E48FEF78DFB1EE0F6
:1060C80000070020EC060020146801081C6801087D
:1060D80020680108286801082C680108346801084C
:1060E8003C680108446801084C680108D010002089
:1060F80054060020546801089048FEF76DFB07F12C
:1061080010031846FFF7CAFA8D4B93F8443003F092
:106118000203002B11D08B48FEF75EFBFEF72AFB2B
:1061280003461846FEF76EFB2C2000F06BFA00F0D1
:10613800E3FA03461846FEF765FB8348FEF74CFB77
:1061480002F02CFA03461846FEF762FC2C2000F0F9
:1061580059FA7E4B1B6900211846FEF7A3FBFCF792
:1061680071FD034687F8363002F034FA034687F8A3
:106178003530FEF79FFC034687F8343097F8362011
:1061880097F835301343DAB297F834301343DBB25B
:10619800002B47D06E48FEF71FFB97F83430002BD2
:1061A80002D0502000F02EFA97F83630002B1AD083
:1061B80097F8363003F00103002B02D0582000F086
:1061C80021FA97F8363003F00203002B02D0592049
:1061D80000F018FA97F8363003F00403002B02D0C9
:1061E8005A2000F00FFA97F83530002B1AD097F89C
:1061F800353003F00103002B02D0522000F002FAE0
:1062080097F8353003F00203002B02D0482000F045
:10621800F9F997F8353003F00403002B02D0532026
:1062280000F0F0F9494B1B7B002B06D0474B1B7B3A
:10623800013BDAB2454B1A731AE0444B1B7803F062
:106248007C03002B03D0414B1D221A7302E03F4B05
:1062580009221A733D4BDB7A002B02D13B4B0122FA
:10626800DA723C48FEF7B8FA3B461846FFF716FACA
:10627800364BDB7A002B06D0344BDB7A013BDAB2A3
:10628800324BDA7251E0314B1B7803F07C03002B60
:1062980003D02E4B1322DA7202E02C4B0922DA7259
:1062A8002D48FEF799FA294BDB791846FEF7AAFA2A
:1062B8002C2000F0A7F9254B1B7A1846FEF7A2FA06
:1062C8002C2000F09FF9214B5B7A1846FEF79AFACA
:1062D80000F04CFF034687F83330FAF77FFD03469A
:1062E80087F8323097F83330002B03D197F83230E3
:1062F800002B1AD01948FEF76FFA97F83330002BA5
:106308000AD097F83330012B03D1532000F07AF9E3
:1063180002E0432000F076F997F8323003F00103E9
:10632800002B02D0462000F06DF93E2000F06AF9FB
:10633800FFF78CF900BF3C37BD4690BD5C6801088B
:10634800D0100020646801086C680108EC06002081
:10635800746801087C680108846801088C68010871
:1063680080B400AF00BFBD4680BC704780B584B024
:1063780000AF0346FB71FB797E2B11D07E2B17DC17
:106388003F2B09D03F2B13DC182B02D0212B0BD02D
:106398000EE0FDF7E3FABBE0012002F041FCB7E0B4
:1063A800022002F03DFCB3E0082002F039FCAFE027
:1063B80000BF97F90730002B80F29080FB79843B6F
:1063C8001C2B00F2878001A252F823F049640008D0
:1063D80051640008DD640008DD640008DD6400081D
:1063E800DD640008DD640008DD640008DD64000881
:1063F800DD640008DD640008DD64000865640008E9
:106408006D640008756400087D64000885640008F0
:106418008D640008956400089D640008DD64000828
:10642800A5640008AD640008B5640008BD640008F0
:10643800C5640008CD640008DD640008D564000860
:10644800202002F0EDFB48E0334B1B7803F02003DB
:10645800002B41D0402002F0E3FB3DE0012002F098
:106468005BFC3AE0022002F057FC36E0042002F020
:1064780053FC32E0082002F04FFC2EE0102002F01E
:106488004BFC2AE0202002F047FC26E0402002F0E6
:1064980043FC22E0802002F03FFC1EE0012002F0D5
:1064A8005BFC1AE0022002F057FC16E0042002F020
:1064B80053FC12E0082002F04FFC0EE0102002F01E
:1064C8004BFC0AE0202002F047FC06E0402002F0E6
:1064D80043FC02E000BF1BE000BF19E00F4B1B7834
:1064E800DBB20133FB73FB7BFF2B01D10023FB7372
:1064F8000B4B1B78DBB2FA7B9A4209D0074B1B780F
:10650800DBB21946074AFB795354044AFB7B1370E4
:106518001037BD4680BD00BFEC0600208710002064
:1065280088100020880F002080B400AF064B00229E
:106538001A70064B00221A70054B00221A7000BF11
:10654800BD4680BC704700BF87100020881000201F
:10655800CC10002080B582B000AF264B1B78002BF2
:1065680043D005F055F80346002B04D0224BD3F84E
:10657800B832002B03D11F4B00221A7036E01E4B95
:10658800D3F8B8327B600FE01C4B1B78DBB203F00A
:106598001003002B04D105F03BF80346002B03D170
:1065A800144B00221A7021E07B68D3F81432002BB8
:1065B800EAD1104B1B78194611480CF0E1FE03464E
:1065C800002B13D108E005F023F80346002B03D174
:1065D800084B00221A7009E07B68D3F81432002BAC
:1065E800F1D1044B00221A7000E000BF0837BD4605
:1065F80080BD00BFCC100020D4130020210700204C
:106608008C10002080B582B000AF0346FB7104F007
:10661800FFFF0346002B03D10C4B00221A7012E037
:106628000A4B1B785A1CD1B2084A11701946084AFD
:10663800FB795354054B1B78402B02D0FB790A2B6E
:1066480001D1FFF787FF0837BD4680BDCC10002079
:106658008C10002080B582B000AF104B1B78FB7106
:106668000F4B1B78DBB2FA799A4203D1FFF772FF1E
:10667800FF230FE0FB795A1CFA711A46094B9B5C01
:10668800BB71FB79FF2B01D10023FB71034AFB7916
:106698001370BB7918460837BD4680BD88100020A6
:1066A80087100020880F002080B582B000AF786086
:1066B800396006E07B685A1C7A601B781846FFF739
:1066C80055FE3B685A1E3A60002BF3D100BF00BF4D
:1066D8000837BD4680BD000080B400AF044B1B786E
:1066E800DAB2044B1A7000BFBD4680BC704700BFC9
:1066F800871000208810002080B483B000AF0E4BB4
:106708001B78FB710D4B1B78BB71FA79BB799A42E8
:1067180006D3BA79FB79D31ADBB2023BDBB205E0C8
:10672800BA79FB79D31ADBB2013BDBB218460C37D6
:10673800BD4680BC704700BF87100020881000202D
:1067480080B5B8B000AF07F17C035C220121184680
:10675800FAF76DFC0346002B01D1002317E1002353
:1067680087F8DF3026E097F8DF2013465B001344F4
:106778009B00134403F50073C7F8D83097F8DF205F
:1067880007F11C0113465B0013449B000B440C22C9
:10679800D7F8D8101846FAF74AFC024697F8DF30BF
:1067A800D2B2E0333B4403F8CC2C97F8DF30013306
:1067B80087F8DF3097F8DF30072BD4D96C22002117
:1067C80075480DF045FC002387F8DF303CE097F86A
:1067D800DF3097F8DF209B00E0333B4453F8643CFC
:1067E8006D4941F8223097F8DF3097F8DF1002330F
:1067F8009B00E0333B4453F8602C67480B1D40F87E
:10680800232097F8DF3097F8DF1006339B00E0333A
:106818003B4453F8642C604801F1080340F82320F6
:1068280097F8DF3097F8DF1008339B00E0333B44DC
:1068380053F8602C584801F10C0340F8232097F8CE
:10684800DF30013387F8DF3097F8DF30022BBED90D
:10685800514B524ADA60504B514ADA614E4B514A19
:10686800DA624D4B504ADA6397F8AC204A4B83F80A
:10687800402097F8AD3043F00803DAB2464B83F86E
:10688800412097F8AE3043F00803DAB2424B83F860
:10689800422097F8AF20404B83F8432097F8B02068
:1068A8003D4B83F84420D7F8B4303B4A9364D7F87B
:1068B800B830394AD364D7F8BC30374A1365D7F8AB
:1068C800C030354A536597F8C420334B83F85820B5
:1068D80097F8C53003F00703DAB22F4B83F8592035
:1068E800D7F8C8302C4AD365D7F8CC302A4A136673
:1068F800B7F8D020284BA3F86420D7F8D430264A1C
:10690800936600F093F8002387F8DF303AE03B1DE8
:1069180000221A605A609A60DA6097F8DF30E03334
:106928003B4413F8CC3C002B20D097F8DF201346CB
:106938005B0013449B00E0333B44C43B1B687B6013
:1069480097F8DF2013465B0013449B00E0333B4479
:10695800C03B1B68BB6097F8DF2013465B001344FD
:106968009B00E0333B44BC3B1B68FB603A1D97F837
:10697800DF301146184600F041F897F8DF30013350
:1069880087F8DF3097F8DF30072BC0D90123184686
:10699800E037BD4680BD00BFD01000200000204178
:1069A8000000344400A08C470000B4C380B584B014
:1069B80000AF03463960FB71FEF7EAF9FA7913462E
:1069C800DB001344DA00134403F54073FB605022E4
:1069D8003968F868FAF7F6FA00BF1037BD4680BD87
:1069E80080B582B000AF78605022796840F2AE304E
:1069F800FAF7E8FA00BF0837BD4680BD80B584B015
:106A080000AF03463960FB71FEF7C2F9FA79134605
:106A18001B01134403F50073FB6010223968F86802
:106A2800FAF7D0FA00BF1037BD4680BD80B500AF79
:106A38000B210020FAF7B4FA6C2203490120FAF777
:106A4800C1FA00BF80BD00BFD010002080B588B05B
:106A580000AF0346FB71FB7903F00103002B71D0F3
:106A68005C4B0A2283F840205A4B002283F84320CB
:106A7800584B0F2283F84120564B0F2283F84220AF
:106A8800544B012283F84420524B534A9A64514B89
:106A9800524ADA644F4B524A1A654E4B4FF0000285
:106AA8005A654C4B032283F859204A4B4D4ADA6504
:106AB800484B4D4A1A66474BFA22A3F86420454BC7
:106AC8004FF07F529A66434B002283F85820414B7F
:106AD80093F8583043F01003DAB23E4B83F858204D
:106AE8003C4B424A1A603B4B404A5A60394B3F4A3A
:106AF8009A60384B3E4ADA60364B3E4A1A61354B4B
:106B08003C4A5A61334B3B4A9A61324B3A4ADA6102
:106B1800304B3A4A1A622F4B384A5A622D4B374A41
:106B28009A622C4B364ADA622A4B364A1A63294B48
:106B3800354A5A63274B354A9A63264B344ADA63F7
:106B4800FFF774FFFB7903F00203002B16D007F15F
:106B58000C031022002118460DF07AFA0023FB7767
:106B680009E007F10C02FB7F11461846FFF746FFC4
:106B7800FB7F0133FB77FB7F072BF2D9FB7903F00F
:106B88000403002B13D000214FF44070FAF708FAE1
:106B9800002140F20130FAF703FA002140F25130A7
:106BA800FAF7FEF9002140F25230FAF7F9F9FB79C9
:106BB80003F00803002B09D0002140F2AE30FAF7A9
:106BC800EFF9002140F2AF30FAF7EAF900BF2037B9
:106BD800BD4680BDD01000200AD7233C6F12033B6E
:106BE8000000C8420000C8410000FA430000C84342
:106BF80000002041000016440000344400341E48C0
:106C080000A08C47000048C3000096C3000048C29B
:106C18000000B4C380B584B000AF03463960FB718F
:106C2800FA791346DB001344DA00134403F5407382
:106C3800FB605022F9683868FAF7F9F90346002B27
:106C480009D13B6800221A70FB7939681846FFF7AA
:106C5800ADFE002300E0012318461037BD4680BD75
:106C680080B582B000AF7860502240F2AE317868CB
:106C7800FAF7DDF90346002B07D17B6800221A706A
:106C88007868FFF7ADFE002300E0012318460837B7
:106C9800BD4680BD80B584B000AF03463960FB7146
:106CA800FA7913461B01134403F50073FB601022A5
:106CB800F9683868FAF7BBF90346002B0BD11022A4
:106CC800002138680DF0C4F9FB7939681846FFF7D8
:106CD80095FE002300E0012318461037BD4680BD0D
:106CE80080B582B000AF0020FAF74AF90346FB717D
:106CF800FB790B2B09D16C2201210748FAF797F988
:106D08000346002B03D1002302E0002300E0012307
:106D180018460837BD4680BDD010002090B585B014
:106D280000AF03463960FB714FF000013868F9F78E
:106D3800C9FF0346002B01D00423D2E1FB79632B62
:106D480053D9FB79643BFB710023FB7349E0FB7962
:106D5800032B38D8FB7B032B00F2BF8101A252F82A
:106D680023F000BF7D6D0008896D0008976D00084D
:106D7800BB6D0008FB79AF493A6841F8232021E050
:106D8800FB79AC4904333A6841F823201AE0AA4950
:106D98003868F9F7F9FD0346FC79A7491846F9F769
:106DA800F3FD03461946A34A04F1080342F82310E9
:106DB80008E0FB793A6882F000429E490C3341F8BA
:106DC800232000BF89E1FB7B0133FB73FB79092B8F
:106DD80002D9FB7B042B01D1032382E1FB790A3B17
:106DE800FB71FB7B032BB2D978E138680EF0B2FB5C
:106DF80003461846F9F7CAFF0346BB73FB79202BF5
:106E080000F2698101A252F823F000BF996E0008D0
:106E1800AD6E0008B76E0008C56E0008D36E000896
:106E2800016F00082F6F0008DF700008DF7000088E
:106E3800DF700008636F00086D6F0008756F000849
:106E48007D6F0008DF700008DF700008DF70000841
:106E5800DF700008DF700008DF700008AF6F0008FF
:106E6800EF6F0008217000086B700008757000084B
:106E78007D7000088570000891700008DF700008B8
:106E8800DF70000899700008A5700008B17000084C
:106E9800BB7B022B01D8062323E1664ABB7B82F821
:106EA80040301BE1634ABB7B82F8433016E1614AFC
:106EB800BB7B82F8413000F0DBFC0FE15D4ABB7B15
:106EC80082F8423000F0D4FC08E1BB7B002B09D0EB
:106ED800584B93F8583043F00403DAB2554B83F813
:106EE8005820FBE0534B93F8583023F00403DAB2F0
:106EF800504B83F85820F1E0BB7B002B09D04D4B59
:106F080093F8583043F04003DAB24A4B83F85820DC
:106F1800E4E0484B93F8583023F04003DAB2454B8D
:106F280083F85820DAE0BB7B002B09D0414B93F85B
:106F3800583063F07F03DAB23E4B83F8582008E0FC
:106F48003C4B93F8583003F07F03DAB2394B83F89F
:106F580058200020FDF786FDC0E0364ABB7B82F84A
:106F68004430BBE0334A3B689364B7E0314A3B683E
:106F7800D364B3E0BB7B002B09D02E4B93F8583079
:106F880043F00103DAB22B4B83F8582008E0294B71
:106F980093F8583023F00103DAB2264B83F85820CF
:106FA80001F0BCFD9AE0BB7B002B12D0214B93F87B
:106FB800583003F01003002B01D10A2391E01D4B38
:106FC80093F8583043F02003DAB21A4B83F858206C
:106FD80084E0184B93F8583023F02003DAB2154BAD
:106FE80083F858207AE0BB7B002B09D0114B93F82B
:106FF800583043F00803DAB20E4B83F8582008E003
:107008000C4B93F8583023F00803DAB2094B83F895
:107018005820FBF70BFE61E0BB7B002B0ED0054B25
:1070280093F8583043F01003DAB2024B83F8582033
:1070380054E000BFD0100020000070422B4B93F8A2
:10704800583023F01003DAB2284B83F85820274B26
:1070580093F8583023F02003DAB2244B83F85820F1
:107068003CE0224ABB7B82F8593037E01F4A3B6834
:10707800D36533E01D4A3B6813662FE0BB7B9AB2A9
:107088001A4BA3F8642029E0184A3B68936625E068
:10709800164A3B68136500F049F81FE0134A3B683D
:1070A800536500F043F819E0BB7B002B09D00F4B68
:1070B80093F8583043F00203DAB20C4B83F85820A7
:1070C8000CE00A4B93F8583023F00203DAB2074B6E
:1070D80083F8582002E0032303E000BFFFF7A6FC73
:1070E800002318461437BD4690BD00BFD0100020BD
:1070F80080B500AF0020F9F743FF03460A2B04D1FF
:10710800FFF71EFB0346002B0DD1FFF7E9FD0346F1
:10711800002B09D10720FEF70DFBFF20FFF796FC97
:10712800FEF7C2FB00E000BF80BD000080B500AFE5
:107138000B4B1B6D0A4A526D11461846F9F71AFB9C
:10714800034619460748F9F7D3FC03461A46064B87
:107158001A6004F0E4FC00F01CF800BF80BD00BF1A
:10716800D010002000C079443C11002080B500AF49
:1071780004F014FD0346002B01D1002307E004F0BE
:107188001DFD0346002B01D0022300E00123184611
:1071980080BD80B500AF002004F0F2FC002004F0B0
:1071A800CBFC00BF80BD80B582B000AF0346FB803A
:1071B800FB88184604F0E4FCFB88002B14BF01236D
:1071C8000023DBB2184604F0B7FC00BF0837BD4601
:1071D80080BD000080B584B000AF7860364B5B7A24
:1071E8001846F9F77DFB034634491846F9F7CCFBF6
:1071F800034619467868F9F7C7FB03467B60304BAE
:107208005B6D2F4A126D11461846F9F76FFD03465C
:10721800002B08D12A4B1B6D19467868F9F766FDD3
:107228000346002B07D0264B1B6D234A13614FF4EE
:107238007A73FB813BE0224B5B6D19467868F9F75E
:107248004BFD0346002B15D04FF000017868F9F785
:107258002FFD0346002B06D0174B4FF000021A6192
:107268000023FB8123E0164B5B6D134A1361012356
:10727800FB811CE0104A7B681361114B5B6D19465A
:107288007868F9F777FA03461A460E4B1B681946D1
:107298001046F9F779FB034618460EF015F9034630
:1072A8001846F9F773FD03469BB20133FB81FB894E
:1072B80018461037BD4680BDEC0600200AD7233C8F
:1072C800D01000203C11002080B582B000AF0346EA
:1072D8003960FB71194B5B78002B2BD1FB79002BA4
:1072E80006D1164B4FF000021A61FFF752FF1DE05E
:1072F800FB79102B03D1002004F030FC02E00120C0
:1073080004F02CFC0E4B93F8583003F00203002BCA
:1073180005D0FB79202B02D14FF000033B60386881
:10732800FFF758FF03461846FFF73DFF034B0022BF
:10733800DA7200E000BF0837BD4680BDEC060020C9
:10734800D010002080B582B000AF03463960FB71D1
:10735800074B1B78022B07D0FDF71AFDFB7939681C
:107368001846FFF7B1FF00E000BF0837BD4680BDF3
:10737800EC06002080B500AF144B93F8583003F0AA
:107388000403002B03D0012004F08EFA02E0002051
:1073980004F08AFA0E4B1A780E4B9A740B4B93F83A
:1073A80040300D4A12680D49A1FB0212920CD2B26C
:1073B80002FB03F3DAB2074B5A74064BDB6A5B88AD
:1073C8000021184604F082FA00BF80BDD0100020CA
:1073D8009B120020681200205400002083DE1B430B
:1073E80080B582B000AF04F0A9FA214B00221A70D0
:1073F8000023FB711F4B93F84330FF2B08D11E4B22
:107408001B78DBB2002B03D11C4B1B78802B0BD1D4
:107418001A4B1B78042B07D0164B93F843301846A9
:10742800FCF7E2FB0123FB71124B93F8583003F091
:107438000403002B0DD0FB79002B14BF012300237C
:10744800DBB283F00103DBB2FB71FB7903F00103CC
:10745800FB71FB79002B03D0012004F025FA02E030
:10746800002004F021FA00BF0837BD4680BD00BFE8
:107478009D120020D010002022070020EC060020DA
:1074880080B582B000AF4FF080431B6903F0010361
:10749800002B00F0B8814FF080431B694FF0804209
:1074A80023F001031361844B1B78DBB2002B40F0FF
:1074B800AC81824BDB7C03F00F03DBB2184604F08F
:1074C800B1FA7E4B9B7C03F00F03DBB2184604F045
:1074D80075FA7A4B5B7C184604F042FA764B012227
:1074E8001A70764BDB6A002B40F08280744B1A7856
:1074F800744B1B78DBB29A426CD0724B1B78DBB2B0
:10750800DB00714A13446D4AD3626C4BDB6A1A88FC
:107518006A4B9A84694B93F82620684BDB6A1B797F
:107528009A4223D0654BDB6A1A79644B83F826208C
:10753800624B93F826301A4613465B001344DB006F
:10754800624A13445D4A93625C4B9B6A1B695B0801
:107558005A4AD360594BDB68584A9360574B9B682B
:10756800564A5360554B5B68544A1360534B9B6AA9
:107578001A7D574B1B785340DAB2504BDA744F4B95
:107588009B6A1B684D4AD26A5279D3404B4A536171
:107598004A4B9B6A5B68494AD26A5279D340474A48
:1075A8009361464B9B6A9B68444AD26A5279D3409E
:1075B800424AD361414B9B6ADB68404AD26A52799E
:1075C800D3403E4A13623D4BDB6A9B791846FFF76E
:1075D800EAFD0DE0FFF704FF384B9B6A5B7D002B4B
:1075E80002D00020FFF7DFFD042001F019FB0DE1B8
:1075F800384B1B78DBB2012B01D1FDF771FA2F4B09
:1076080000229A742D4B1A682C4B5B6913442B4A41
:1076180013602A4B1A68294B9B6A1B699A4220D926
:10762800264B9B7C43F00103DAB2244B9A74234B1C
:107638001A68224B9B6A1B69D31A204A13601F4B96
:107648009B6A1B7D03F00103002B05D0224B1B68AE
:10765800013B214A136004E01F4B1B6801331E4A9B
:107668001360164B5A68154B9B691344134A5360B1
:10767800124B5A68114B9B6A1B699A4233D90F4BBC
:107688009B7C43F00203DAB20C4B9A740B4B5A689A
:107698000A4B9B6A1B69D31A084A5360074B9B6ABB
:1076A8001B7D03F00203002B18D00B4B5B68013BDA
:1076B800094A536017E000BF9D120020681200209D
:1076C8009912002098120020181200204011002062
:1076D8009C12002020070020000700204D4B5B680B
:1076E80001334C4A53604C4B9A684B4BDB6913444B
:1076F800494A9360484B9A68474B9B6A1B699A4270
:1077080020D9454B9B7C43F00403DAB2424B9A7470
:10771800414B9A68404B9B6A1B69D31A3E4A936057
:107728003D4B9B6A1B7D03F00403002B05D0394BAE
:107738009B68013B374A936004E0364B9B680133F2
:10774800344A9360344BDA68334B1B6A1344324A29
:10775800D360314BDA68304B9B6A1B699A4220D957
:107768002D4B9B7C43F00803DAB22B4B9A742A4BBF
:10777800DA68294B9B6A1B69D31A274AD360264BC0
:107788009B6A1B7D03F00803002B05D0214BDB68A7
:10779800013B204AD36004E01E4BDB6801331D4ADD
:1077A800D3601E4B1B78042B07D11B4B9A7C1B4BB9
:1077B8009B791340DAB2184B9A74174B9B8C013B98
:1077C8009AB2154B9A84144B9B8C002B0FD1124BF9
:1077D8000022DA62124B1B78DBB20133FB71FB79B2
:1077E8000A2B01D10023FB710D4AFB7913700A4B58
:1077F8009A7C0C4B1B785340DAB2074B9A740A4BAD
:1078080000221A7002E000BF00E000BF0837BD4642
:1078180080BD00BF0007002068120020EC06002091
:10782800981200209B1200209D12002080B500AF06
:107838000D4B1B6903F00103002B13D00A4B1B6986
:10784800094A23F001031361074B1B68064A23F01A
:1078580001031360054B1B7803F00F03DBB21846D6
:1078680004F0ACF800BF80BD000400409B1200206B
:1078780080B483B000AF1E4B00221A701D4B00224B
:107888001A700023FB712AE01B4B93F841301A460B
:10789800FB7942FA03F303F00103002B08D0FB79CC
:1078A800164AD25C124B1B781343DAB2104B1A708B
:1078B800114B93F842301A46FB7942FA03F303F06E
:1078C8000103002B08D0FB790D4AD25C094B1B78C9
:1078D8001343DAB2074B1A70FB790133FB71FB795A
:1078E800032BD1D900BF00BF0C37BD4680BC704701
:1078F8009B1200209C120020D0100020646E01080A
:10790800686E010880B500AFFFF76AFD38220021D4
:1079180018480CF09DFB3022002117480CF098FB0A
:10792800154B0022DA62154B00221A60144B002214
:107938001A70144B00221A70134B01221A70134B41
:1079480000221A70FFF794FF114B1A780A4BDA7469
:10795800104B1B7803F00F03DBB2184604F02EF827
:107968000B4B1B7803F00F03DBB2184604F05AF8F0
:1079780000BF80BDA812002068120020A0120020BD
:1079880098120020991200209A1200209D120020BF
:107998009C1200209B12002080B500AF03F024FF4A
:1079A80000BF80BD98B500AF0D4B1B68002B15D0EC
:1079B8000C4B5B7843F00103DAB20A4B5A70094B5F
:1079C800DB69084AD26906490C6811461846F8F777
:1079D800DBFF0346A361024B00221A6000BF98BD7B
:1079E800A0120020A812002080B483B000AF034684
:1079F800FB71FB790133FB71FB79092B01D1002362
:107A080000E0FB7918460C37BD4680BC7047000083
:107A180090B597B000AF9A4B1B7903F00103002B88
:107A280040F09F8500F094BD964B1B68002B40F0FA
:107A38006E82934B1B7903F00403002B05D0FCF7EF
:107A480037FB03468F4A136004E0FCF745FB034607
:107A58008C4A13608B4B1B68002B00F084858A4B83
:107A68005B7803F00103002B03D0874B00225A7088
:107A7800ADE0854B1B781846FFF7B6FF03461A465C
:107A8800814B1A70804B1B781A4613465B001344CF
:107A9800DB007E4A13447E4A13607A4B1A687C4B9B
:107AA8001B68127D1A75002387F8573011E0754B53
:107AB8001B6897F8572053F82210754B1B6897F8E6
:107AC8005720C90043F8221097F85730013387F838
:107AD800573097F85730032BE9D96A4B1B681A6956
:107AE8006B4B1B68D2001A61664B1B681B691846F2
:107AF800F8F7F2FE0346644A9360634B9A68614B59
:107B08001B685B6A19461046F8F7F2FF03461A46E7
:107B18005D4BDA605C4BDB6819465E48F8F7E8FFB6
:107B280003461A46584B1A61574B4FF000025A60E9
:107B3800534B1B7903F00203002B05D1524B5B78A2
:107B480003F00803002B17D04F4B5B6A4E4AD361F2
:107B58004D4B5B6A4C4A526A4A490C6811461846B2
:107B6800F8F712FF0346A361474B5B7823F008033D
:107B7800DAB2454B5A7008E0424B1B689B691846BD
:107B88000DF036FB0346404AD361414B1B68002287
:107B98005A75414B93F8583003F00203002B16D066
:107BA800384B1B685B7D03F02003002B0FD0354B4F
:107BB8001B681B6B19464FF07E50F8F799FF034678
:107BC8001A46314B1A63324B1B6801225A752E4BE9
:107BD8004FF000029A612B4B1B681B6A19464FF045
:107BE8007C50F8F785FF03463B63254B1B7903F070
:107BF8000203002B52D0244B02221A75214B1B681A
:107C08005C6A204B1B689B69396B1846F8F7BCFE09
:107C1800034619462046F8F7ADFD03463B624FF090
:107C28000001386AF9F74EF80346002B1FD0154BB0
:107C38001B689C69134B1B681B6A19461846F8F7A2
:107C48009BFD03461A460F4B1B685B6A1946104694
:107C5800F8F79AFE034619462046F8F78BFD0346C7
:107C680018460DF0C5FA0346074A536248E1064A2A
:107C78003B6A9361044B4FF000025A6240E100BF37
:107C8800EC060020A0120020A812002040110020BD
:107C9800A41200200000A03FD0100020914B002229
:107CA8001A75914B1B685B6A8E4A93628F4B1B79DE
:107CB80003F00403002B06D04FF000033B65894A0C
:107CC8003B6D536208E0FCF725FA3865386D0DF016
:107CD8008FFA0346834A5362834B1B681846FCF7A6
:107CE80053FAF862F96AF86AF8F74EFE0346BB627F
:107CF8007D4B1B685C6A7C4B1B689B69396D184619
:107D0800F8F738FD0346396B1846F8F73DFE034689
:107D180019462046F8F730FD03464FF07C511846C7
:107D2800F8F732FE03467B626F4B1B689B69194666
:107D3800B86AF8F7C7FF0346002B5FD06A4B1B6889
:107D48005C6A694B1B689B69B96A1846F8F712FDAB
:107D58000346396B1846F8F717FE034619462046BE
:107D6800F8F708FD03461A465E4B9A625D4B9B6A1C
:107D78004FF000011846F8F7AFFF0346002B29D053
:107D8800584B02221A75584B1B689C69564B1B6846
:107D98001B6A19461846F8F7EFFC03461A46524B79
:107DA8001B685B6A19461046F8F7EEFD034619464C
:107DB8002046F8F7DFFC034618460DF019FA03468B
:107DC800484A5362474B5B7843F00803DAB2454BA5
:107DD8005A7095E0396DB86AF8F7CCFC0346396BF0
:107DE8001846F8F7D1FD03461A463E4BDA623D4A7B
:107DF800FB6A13623B4B03221A7581E04FF00001C6
:107E0800786AF8F77DFF0346002B71D0364B1B6864
:107E18005B6A1946786AF8F755FF0346002B5DD070
:107E2800396DB86AF8F7A6FC0346396B1846F8F7B7
:107E3800ABFD03461A462B4BDA622A4BDB6A19461E
:107E4800786AF8F75DFF0346002B28D0254AFB6ABD
:107E58001362254B1B689B691946B86AF8F728FF17
:107E68000346002B03D01F4B01221A7548E01D4B17
:107E78009C6A1D4B1B689B691946B86AF8F77AFC1F
:107E88000346396B1846F8F77FFD03461946204626
:107E9800F8F770FC03461A46124B9A6230E0114A12
:107EA8007B6A93620F4A7B6AD3620F4B1B681B6A1B
:107EB80019461846F8F760FC0346796A1846F8F739
:107EC80063FD0346396D1846F8F756FC0346184615
:107ED8000DF08EF90346034A136211E0014B0222AA
:107EE8001A750DE0A8120020A0120020EC06002050
:107EF800884B4FF000029A62864B5B6A854A136290
:107F0800854B1B7943F00803DAB2834B1A71834B14
:107F18001B78DB00824A1344FB617E4B1A78FB69AD
:107F28001A71804BFB644FF00003BB64FB6C7B64ED
:107F38007D4B1B685B6A3B64764B1B691946386C42
:107F4800F8F718FC0346FB634FF00001F86BF8F7ED
:107F5800B9FE0346002B02D04FF00003FB636D4BC4
:107F68001B7D032B08D0032B00F31081002B67D057
:107F7800012B00F0DB8009E16B4B1B681B6A19467B
:107F8800786CF8F701FD0346BB61624BDB69614A17
:107F9800126A11461846F8F7EDFB03461946B86908
:107FA800F8F7A4FE0346002B27D05A4B9B6A3B6484
:107FB8005D4B1B685B6A396C1846F8F7DBFB0346B8
:107FC80019461846F8F7D8FB03461C46514BDB699F
:107FD800504A126A11461846F8F7CEFB034619466E
:107FE8002046F8F785FD03467B644A4B01221A7543
:107FF800484B1B6A474AD3612BE1464BDC694FF07B
:108008007C51B869F8F7C0FC034619462046F8F7D2
:10801800B1FB0346796C1846F8F7B6FC03461946D7
:10802800386CF8F7A7FB03463B643A4BDB69B96940
:108038001846F8F79FFB03461A46364BDA6108E103
:10804800394B1B681B6A1946786CF8F79DFC034688
:10805800BB61304BDC694FF07C51B869F8F794FC90
:10806800034619462046F8F787FB0346796C1846FD
:10807800F8F78AFC03461946386CF8F77BFB034689
:108088003B64244B9B6A1946386CF8F71BFE034681
:10809800002B34D01F4B9B6A3B64234B1B685B6AE5
:1080A800396C1846F8F766FB034619461846F8F780
:1080B80063FB03461C46174BDB69164A126A1146D6
:1080C8001846F8F759FB034619462046F8F710FDFD
:1080D80003467B640F4BDB6A1946386CF8F7E8FDFA
:1080E8000346002B03D00B4B02221A7502E0094B02
:1080F80001221A75074B1B6A064AD361A9E0054B92
:10810800DB69B9691846F8F737FB03461A46014B8D
:10811800DA619EE0A8120020EC06002099120020E7
:10812800181200203EC32E39A01200207B4B1B6A78
:10813800796C1846F8F728FC03461946386CF8F7A6
:1081480019FB03467B61754BDB6A19467869F8F7BA
:10815800B9FD0346002B16D0704BDB6A1946386C04
:10816800F8F708FB03461A466C4B1B6A194610467B
:10817800F8F7BEFC03467B64684BDB6A3B64674BDD
:1081880002221A7565E07B693B6462E0644B1B68F8
:108198001B6A1946786CF8F7F7FB0346BB615F4B1F
:1081A800DB691946B869F8F78DFD0346002B2DD019
:1081B8005A4BDC694FF07C51B869F8F7E5FB034688
:1081C80019462046F8F7D6FA0346796C1846F8F7A8
:1081D800DBFB03461946386CF8F7CCFA03467B619B
:1081E8004E4B9B6919467869F8F78AFD0346002BC0
:1081F8000CD07B693B64494BDB69B9691846F8F7D1
:10820800B9FA03461A46454BDA6122E0434B9B69AB
:108218001946386CF8F7AEFA034619461846F8F7C7
:10822800ABFA03461C463D4BDB693C4A526A114691
:108238001846F8F7A1FA034619462046F8F758FCFD
:1082480003467B64354B9B693B64344B5B6A334A1A
:10825800D361796CB86CF8F78FFA0346BB64F96C94
:10826800B86CF8F72FFD0346002B06D0B96CF86CF4
:10827800F8F780FA03467B6413E0F96B386CF8F77B
:108288003FFD0346002B00D115E02649F86CF8F7AE
:1082980073FA0346FB64B96CF86CF8F76BFA03469B
:1082A8007B641E4B9B691946386CF8F729FD034619
:1082B800002B7FF454AE1C4B1B685B7D002B05D153
:1082C8001A4B1B7903F00803002B40D0144B1B6892
:1082D8005B7D03F03003002B2AD0114B1B685B6BCE
:1082E800BB63114B1B685B7D002B0ED00B4BDB690E
:1082F8000A4A126B11461846F8F746FB0346194618
:10830800B86BF8F741FB0346BB63B86BFEF762FF37
:108318000346DAB2014B83F8342011E0A81200209A
:10832800A01200203EC32E39A4120020EC06002023
:108338008F4B4FF000021A618E4B002283F83420D5
:108348008B4B1B7923F00803DAB2894B1A71894BDE
:1083580093F83420FB699A71864BDB681946386CB0
:10836800F8F712FB03463B6138690DF069F8F860CD
:10837800804B9B6818460DF063F8B860F968B868D8
:10838800F8F7F8F903461846F8F700FD03469AB2DD
:10839800FB691A80FB691B88002B0DD1744B1B7974
:1083A80003F00203002B07D0714B1B7943F0010344
:1083B800DAB26F4B1A71D7E06E4B5B681946B86C2E
:1083C800F8F7DAF90346BB643969B868F8F7D2F9FF
:1083D80003461946B86CF8F78BFB03467B60664B7F
:1083E8001B68664AA2FB03239B0C654A02FB03F346
:1083F8001846F8F771FA034679681846F8F7C4FA88
:10840800034660491846F8F7BFFA034618460DF0C8
:1084180017F803461846F8F7B9FC03467B63564B32
:108428001B68594AA2FB03235B0A7A6B9A4203D260
:10843800FB6900225A712CE04F4B1B68524AA2FB81
:1084480003231B0A7A6B9A4203D2FB6901225A71F1
:108458000FE0494B1B684C4AA2FB0323DB097A6BEC
:108468009A4203D2FB6902225A7102E0FB69032295
:108478005A71FB695B791A467B6BD3407B63FB6956
:108488001B881A46FB695B7902FA03F39AB2FB6907
:108498001A807B6BB3F5803F04D27B6B9AB2FB6981
:1084A8005A8003E0FB694FF6FF725A80374B1A78FF
:1084B800374B1A70354B1B780133DAB2334B1A70CD
:1084C800324B1B780A2B02D1304B00221A70314BE9
:1084D8001B683A6C5A62274AFB6893603969F868E6
:1084E800F8F748F9034679681846F8F74DFA03464D
:1084F8001A46204B5A601F4B9B691946386CF8F78F
:10850800D7FB0346002B00D122E04FF00001386C66
:10851800F8F7F6FB0346002B07D0154B1B7943F001
:108528000103DAB2124B1A711EE0114B1B7903F0EA
:108538000403002B07D00E4B1B7943F00103DAB27A
:108548000B4B1A7110E0134B00221A60FBF78AFDDF
:10855800114B1B78DAB20D4B1B789A427FF464AA50
:1085680002E000BF00E000BF5C37BD4690BD00BF21
:10857800EC060020A81200205400002083DE1B43D4
:1085880040420F0000007042D34D62109A12002042
:1085980099120020A01200209812002080B400AF89
:1085A800074B1B7803F07C03002B02D0054BDB69DB
:1085B80001E04FF000031846BD4680BC704700BF7D
:1085C800EC060020A812002080B400AF00BFBD4612
:1085D80080BC704780B500AF03F09AFA034618468E
:1085E80080BD80B400AF00231846BD4680BC7047EC
:1085F80080B584B000AF78600023FB7320E0FB7B7C
:1086080079681846FEF706FB0346002B07D17B68FE
:1086180000221A7007217868FDF7D4FB0DE07B680B
:108628001B78002B09D07868F8F762FD0346BB7306
:10863800BB7B19467868FDF7C5FBFB7B0133FB73F1
:10864800FB7B012BDBD900BF00BF1037BD4680BDC7
:1086580080B586B000AF78600123BB750023FB7539
:10866800BB7D1A467B6813441B78582B00F3A48003
:10867800432B04DA002B35D0242B4CD09CE0433B11
:10868800152B00F2998001A252F823F01F870008E9
:10869800C1870008C1870008C18700081F87000834
:1086A800C1870008C1870008F3860008C187000851
:1086B800C1870008C1870008C1870008C187000872
:1086C800C1870008C1870008C1870008C187000862
:1086D800C1870008C1870008C1870008C187000852
:1086E8001F870008FDF7D6F80EE2A04B1B78002B79
:1086F80005D09E4B1B78202B01D0082305E27B6810
:1087080002331B783D2B01D00323FEE17868F8F78C
:10871800EFFC0346F9E17B6802331B78002B01D09C
:108728000323F2E17B6801331B78582B31D0582B97
:1087380000F3E781472B12D0472B00F3E281242B6B
:1087480002D0432B0ED0DCE1884B1B7803F01803D2
:10875800002B01D00823D8E1FDF7A6F82BE0FDF7A0
:1087680063FA28E0814B1B78022B05D1FBF7F6F85A
:108778000520FDF715F81EE07C4B1B78002B01D077
:108788000823C2E1794B02221A700420FDF708F889
:1087980011E0764B1B78012B0CD1FFF722FF034623
:1087A800002B01D00D23B0E10320FCF7F9FF6F4B3C
:1087B80000221A7000BFA4E16C4B1B78002B05D077
:1087C8006A4B1B78012B01D008239EE17B6801339B
:1087D8001B78232B28D0232BC0F21981532B00F3AD
:1087E8001681482BC0F21381483B0B2B00F20F81F6
:1087F80001A252F823F000BF45880008D38800087A
:10880800178A0008178A0008178A0008178A0008BC
:10881800BB890008178A0008178A0008178A000809
:1088280049890008A98800087B6802331B78002B57
:1088380001D0032369E1FDF797F965E14C4B93F803
:10884800583003F01003002B01D105235DE1FFF739
:10885800C8FE0346002B01D00D2356E1434B0422EA
:108868001A707B6802331B78002B08D10020FAF7B6
:10887800C9FF3E4B5B78002B40F0458101E00323A4
:1088880043E13A4B00221A70FEF7AAFD7B680233D7
:108898001B78002B40F037817868FFF7A9FE32E19A
:1088A8007B6802331B784C2B09D17B6803331B7818
:1088B800502B04D17B6804331B78002B01D0032391
:1088C80023E1802000F0ACF91EE1BB7D0133DBB26F
:1088D800BB75BB7D1A467B6813441B78002B06D1F9
:1088E8007868FEF7BDF97868FDF784FA0CE1BB7D7E
:1088F8005A1CD2B2BA751A467B6813441B783D2BB2
:1089080001D0032301E1BB7DFB75BB7D1A467B6863
:108918001A44BB7D1946FB7DCB1A19467B680B446C
:1089280012781A70BB7D5A1CD2B2BA751A467B6887
:1089380013441B78002BE8D17868FEF751F8E3E080
:108948007B6802331B78532B0ED17B6803331B786B
:10895800542B09D17B6804331B783D2B04D17B68E9
:1089680006331B78002B05D00323CEE0EC0600204D
:10897800D01000207B6805331B782A2B0DD02A2BBA
:108988000FDC232B05D0242B0BD10120FEF75EF83A
:1089980009E00220FEF75AF805E0FF20FEF756F836
:1089A80001E00323B1E00920FCF7FAFEFAF7D6FF4D
:1089B800AAE0BB7D0133DBB2BB75BB7D1A467B6881
:1089C80013441B78002B1AD10023FB7513E0FB7DA1
:1089D80079681846FEF71EF90346002B03D10720D5
:1089E800FCF7A8FE04E0FB7D79681846FDF7CEF990
:1089F800FB7D0133FB75FB7D012BE8D984E0454BFA
:108A08001B78002B01D008237FE00123FB7507F1B9
:108A1800100207F1160319467868FAF7D5FF0346DE
:108A2800002B01D1022370E0BB7D5A1CD2B2BA756B
:108A38001A467B6813441B783D2B01D0032364E05E
:108A4800FB7D002B32D0BB7DFB75BB7D1A467B6856
:108A58001A44BB7D1946FB7DCB1A19467B680B442B
:108A680012781A70BB7D5A1CD2B2BA751A467B6846
:108A780013441B78002BE8D17868F8F739FB0346D4
:108A8800FB75FB7D002B01D0FB7D3EE03B69184662
:108A98000CF060FD03461846F8F778F90346FB75B5
:108AA800FB7D79681846FDF781FF2DE007F10C0280
:108AB80007F1160319467868FAF786FF0346002B74
:108AC80001D1022321E0BB7D1A467B6813441B7841
:108AD800002B07D13B6910491846F8F711F90346EE
:108AE800002B01D0032310E03B691846F8F74EF934
:108AF8000346DBB2FA6811461846FEF70FF903463B
:108B080003E000BF00E000BF002318461837BD4649
:108B180080BD00BFEC06002000007F4380B500AF99
:108B2800FCF736F9024B00221A7300BF80BD00BF64
:108B3800EC06002080B584B000AF78600B46FB706F
:108B4800FB789B007A6813441B681846F7F7C8FE41
:108B58000246FB78064951F8233019461046F7F7C4
:108B6800C7FF0346FB60FB6818461037BD4680BD4B
:108B7800D010002090B585B000AF78603960002330
:108B8800FB730DE0FB7B9B007A68D418FB7B1946CE
:108B98003868FFF7CFFF03462360FB7B0133FB7385
:108BA800FB7B032BEED900BF1437BD4690BD0000F8
:108BB80080B584B000AF78600023FB7326E0FB7BB0
:108BC800032B1FD0FB7B9B007A6813441B684FF074
:108BD80000011846F8F794F80346002B10D1FB7BE8
:108BE8009B007A6813441A68FB7B0C490C3351F8D4
:108BF800233019461046F8F765F80346002B02D0D3
:108C0800012307E000BFFB7B0133FB73FB7B032BD6
:108C1800D5D9002318461037BD4680BDD010002096
:108C280080B485B000AF0346FB71EFF31083BB60DF
:108C3800BB68FB6072B600BF084B1B78DAB2FB79E1
:108C48001343DAB2054B1A70FB68002B01D162B6E8
:108C580000BF00BF1437BD4680BC70472107002005
:108C680080B485B000AF0346FB71EFF31083BB609F
:108C7800BB68FB6072B600BFFB79DB43DAB2084B16
:108C88001B78DBB21340DAB2054B1A70FB68002B75
:108C980001D162B600BF00BF1437BD4680BC704723
:108CA8002107002080B485B000AF0346FB71EFF3C5
:108CB8001083BB60BB68FB6072B600BF084B1B78B3
:108CC800DAB2FB791343DAB2054B1A70FB68002B52
:108CD80001D162B600BF00BF1437BD4680BC7047E3
:108CE8002207002080B483B000AFEFF310833B600D
:108CF8003B687B6072B600BF064B00221A707B6827
:108D0800002B01D162B600BF00BF0C37BD4680BC46
:108D1800704700BF2207002080B485B000AF03462B
:108D2800FB71EFF31083BB60BB68FB6072B600BFDA
:108D3800084B1B78DAB2FB791343DAB2054B1A7089
:108D4800FB68002B01D162B600BF00BF1437BD46D7
:108D580080BC70472307002080B485B000AF03466D
:108D6800FB71EFF31083BB60BB68FB6072B600BF9A
:108D7800084B1B78DAB2FB791343DAB2054B1A7049
:108D8800FB68002B01D162B600BF00BF1437BD4697
:108D980080BC70472407002080B483B000AFEFF395
:108DA80010833B603B687B6072B600BF064B0022B5
:108DB8001A707B68002B01D162B600BF00BF0C3768
:108DC800BD4680BC704700BF2307002080B483B035
:108DD80000AFEFF310833B603B687B6072B600BF67
:108DE800064B00221A707B68002B01D162B600BFC7
:108DF80000BF0C37BD4680BC704700BF2407002069
:108E080080B483B000AF0346FB71FB79602B05D9B2
:108E1800FB797A2B02D8FB79203BFB71FB792F2B4E
:108E28000CD9FB79392B09D8FB79303BDBB21A46D0
:108E380013469B001344304A134458E0FB79402BF7
:108E48000CD9FB795A2B09D8FB79413BDBB21A467E
:108E580013469B001344294A134448E0FB79203BFE
:108E68001A2B43D801A252F823F000BFE18E000864
:108E7800F58E0008F58E0008F58E0008F58E0008BE
:108E8800F58E0008F58E0008F58E0008F58E0008AE
:108E9800F58E0008F58E0008F18E0008F58E0008A2
:108EA800E98E0008ED8E0008F58E0008F58E0008A2
:108EB800F58E0008F58E0008F58E0008F58E00087E
:108EC800F58E0008F58E0008F58E0008F58E00086E
:108ED800F58E0008E58E0008094B08E0094B06E00E
:108EE800094B04E0094B02E0094B00E0094B184626
:108EF8000C37BD4680BC7047706F0108A46F01082D
:108F080028700108307001083870010840700108A5
:108F1800487001085070010880B485B000AF03465E
:108F2800FB710023FB731EE0154B4FF080721A6132
:108F380097F90730002B04DA114B4FF400721A61CD
:108F480003E00F4B4FF000721A6100BF00BF0C4BDB
:108F58004FF480721A6100BF00BFFB795B00FB71A0
:108F6800FB7B0133FB73FB7B072BDDD9044B4FF0F5
:108F780080721A6100BF1437BD4680BC704700BFBD
:108F8800000C014080B582B000AF0346FB7100229F
:108F980080210A4803F0FFFF00224021074803F020
:108FA800FAFFFB791846FFF7B7FF01224021034873
:108FB80003F0F1FF00BF0837BD4680BD000C01403B
:108FC80080B582B000AF0346FB71012280210A48B8
:108FD80003F0E1FF00224021074803F0DCFFFB79A2
:108FE8001846FFF799FF01224021034803F0D3FFF9
:108FF80000BF0837BD4680BD000C014090B583B066
:1090080000AF0446084611461A462346FB8003462D
:10901800BB800B467B8013463B802A20FFF7B2FFBC
:10902800FB881B0A9BB2DBB21846FFF7C9FFFB8817
:10903800DBB21846FFF7C4FF7B881B0A9BB2DBB282
:109048001846FFF7BDFF7B88DBB21846FFF7B8FF6D
:109058002B20FFF797FFBB881B0A9BB2DBB2184691
:10906800FFF7AEFFBB88DBB21846FFF7A9FF3B88C6
:109078001B0A9BB2DBB21846FFF7A2FF3B88DBB2A4
:109088001846FFF79DFF2C20FFF77CFF00BF0C3729
:10909800BD4690BD90B585B000AF04460846114660
:1090A8001A462346FB800346BB800B467B8013464B
:1090B8003B807A88FB88D31A19463A88BB88D31A2A
:1090C80001FB03F3FB607B88013B9AB23B88013BC1
:1090D8009BB2B988F888FFF791FF012280211348D5
:1090E80003F059FF00224021104803F054FF0EE01E
:1090F80097F820301846FFF70FFF97F824301846E6
:10910800FFF70AFF97F828301846FFF705FFFB68B6
:109118005A1EFA60002BEBD101224021034803F0CC
:109128003AFF00BF1437BD4690BD00BF000C014098
:1091380090B58BB000AF012240216D4803F02BFFA2
:10914800012280216A4803F026FF00224FF4807133
:10915800674803F020FF00224FF40071644803F0D1
:109168001AFF01220421634803F015FF642003F06D
:1091780035FA002204215F4803F00DFF4FF4FA701E
:1091880003F02CFA012204215A4803F004FF4FF49B
:10919800FA7003F023FAE020FFF7F4FE564B07F1CC
:1091A80014040FCB07C4238002341B0C2370002344
:1091B80087F827300DE097F8273028333B4413F819
:1091C800143C1846FFF7FCFE97F82730013387F860
:1091D800273097F827300E2BEDD9E120FFF7D2FE84
:1091E800464B3C1D0FCB07C4238002341B0C237055
:1091F800002387F826300DE097F8263028333B44C3
:1092080013F8243C1846FFF7DBFE97F826300133A5
:1092180087F8263097F826300E2BEDD9C020FFF7B7
:10922800B1FE1820FFF7CCFE1620FFF7C9FEC120BB
:10923800FFF7A8FE4520FFF7C3FEC520FFF7A2FEF3
:109248000020FFF7BDFE6320FFF7BAFE0120FFF7FD
:10925800B7FE3620FFF796FE3820FFF7B1FE3A201A
:10926800FFF790FE6620FFF7ABFEB020FFF78AFEFF
:109278008020FFF7A5FEB120FFF784FEB020FFF79E
:109288009FFE1120FFF79CFEB420FFF77BFE022013
:10929800FFF796FEB620FFF775FE0220FFF790FE57
:1092A800E920FFF76FFE0020FFF78AFEF720FFF79F
:1092B80069FEA920FFF784FE5120FFF781FE2C20CC
:1092C800FFF77EFE8220FFF77BFE1120FFF75AFE94
:1092D800782003F083F92020FFF754FE782003F06C
:1092E8007DF92920FFF74EFE00BF2C37BD4690BD03
:1092F800000C0140001401409C690108AC69010898
:1093080080B582B000AF78607B681B0CDBB223F0BD
:109318000303DBB21846FFF7FFFD7B681B0ADBB2CD
:1093280023F00303DBB21846FFF7F6FD7B68DBB2D8
:1093380023F00303DBB21846FFF7EEFD00BF083742
:10934800BD4680BD90B587B000AF044608461146BB
:109358001A462346FB800346BB800B46FB70134628
:10936800BB70FB781846FFF74BFD3861BB789BB2A2
:109378001A46520013445B00FB81BB789BB2DB00AA
:10938800BB81FA88FB8913449BB2013B9CB2BA8823
:10939800BB8913449BB2013B9BB2B988F88822462B
:1093A800FFF72CFE01228021294803F0F4FD00225A
:1093B8004021274803F0EFFD0023FB753BE0002325
:1093C800BB7531E000237B7528E07B7D042B0DD82D
:1093D8007B7D3A6913441B781A46FB7D22FA03F316
:1093E80003F00103002B01D0012300E00023FB72EE
:1093F80000233B750BE0FB7A002B01D0BB6A00E031
:10940800FB6A1846FFF77CFF3B7D01333B753A7DCD
:10941800BB789A42EFD37B7D01337B757B7D052B2F
:10942800D3D9BB7D0133BB75BA7DBB789A42C9D30A
:10943800FB7D0133FB75FB7D072BC0D90122402141
:10944800034803F0A8FD00BF1C37BD4690BD00BF10
:10945800000C014090B587B002AFBA601A460346C7
:10946800FB810B46BB811346FB7117E0BB685A1C96
:10947800BA601A78FC79B989F8897B6A01933B6AE2
:1094880000932346FFF75EFFFB799BB21A46520012
:1094980013445B009AB2FB891344FB81BB681B78B9
:1094A800002BE3D100BF00BF1437BD4690BDF0B517
:1094B80087B004AF0446084611461A462346FB8087
:1094C8000346BB800B467B8013463B803B6A1B0CE4
:1094D800DBB23A6A120AD2B2396AC9B23E887D88CA
:1094E800BC88F88802910192009333462A462146A7
:1094F800FFF7D0FD00BF0C37BD46F0BD90B585B075
:1095080002AF0446084611461A462346FB80034626
:10951800BB800B467B8013463B803B887A88B988A2
:10952800F88800240094FFF7C2FFFB88023398B242
:10953800BB88023399B27B88023B9AB23B88023BD4
:109548009CB2BB6900932346FFF7B1FF00BF0C37FD
:10955800BD4690BD90B587B002AF04460846114697
:109568001A462346FB800346BB800B467B80134686
:109578003B80386AF6F75EFE03469BB297F82420D4
:1095880092B202FB03F39BB21A46520013445B00EB
:10959800FB8197F824309BB2DB00BB817A88FB887B
:1095A800D21AFB89D31A5B089AB2FB8813447B81D1
:1095B8003A88BB88D21ABB89D31A5B089AB2BB888F
:1095C80013443B8197F8242039897889FB6A0193F1
:1095D800BB6A009313463A6AFFF73CFF00BF143793
:1095E800BD4690BD90B587B002AF03463960FB71A8
:1095F800FB791B01254A1344FB60FB681888FB684C
:109608005988FB689A88FB685B8802339CB23B6880
:1096180000932346FFF74BFFFB681888FB68DB883D
:10962800023B99B2FB689A88FB68DC883B68009328
:109638002346FFF73CFFFB681888FB685B8802330A
:1096480099B2FB681B8802339AB2FB68DB88023B3D
:109658009CB23B6800932346FFF729FFFB689B8871
:10966800023B98B2FB685B88023399B2FB689A8820
:10967800FB68DB88023B9CB23B6800932346FFF7FC
:1096880016FF00BF1437BD4690BD00BF306F0108FC
:1096980080B485B000AF03460A46FB711346BB7120
:1096A800FB790F4A1B0113440C331B68FB60BB7921
:1096B800002B01D0FB680EE0FB681B0CDBB29B089B
:1096C8001A04FB681B0ADBB29B081B021A43FB68DF
:1096D800DBB29B08134318461437BD4680BC70475D
:1096E800306F010880B483B000AF03460A46FB71AF
:1096F8001346BB71FB79022B04D1BB79002B01D037
:10970800064B05E0FB79064A1B01134408331B6826
:1097180018460C37BD4680BC704700BFBC690108BD
:10972800306F010880B582B000AF0346FB71FB794A
:10973800032B35D801A252F823F000BF5597000833
:109748006D97000883970008979700084FF4807179
:10975800164803F009FC0346012B0CBF0123002324
:10976800DBB21EE04021114803F0FEFB0346012B4B
:109778000CBF01230023DBB213E00D4B1B7803F071
:109788001003002B14BF01230023DBB209E0094BAF
:1097980093F90030032B0CBF01230023DBB200E058
:1097A800002318460837BD4680BD00BF00100140A1
:1097B800EC0600205100002090B58BB004AF0346A2
:1097C8000A46FB711346BB71FB791B011E4A134401
:1097D8007B61BA79FB7911461846FFF759FF386162
:1097E800BA79FB7911461846FFF77CFFF8607B6968
:1097F80018887B6959887B699A887B69DC883B690A
:1098080000932346FFF77AFE7B691B88023398B2E0
:109818007B695B88023399B27B699B88023B9AB269
:109828007B69DB88023B9CB23B6903936FF07F4303
:10983800029302230193FB6800932346FFF78AFEF5
:1098480000BF1C37BD4690BD306F010890B58BB086
:1098580002AF844B1B78002B31D100237B7726E0A5
:109868007B7F1846FFF75EFF03463B777E4B1B78EE
:109878001A467B7F42FA03F3DBB203F00103FB765F
:109888003A7FFB7E9A420FD0764B01221A70774AB4
:109898007B7F1370764A3B7F1370764B00221A70D9
:1098A800754B00221A7005E07B7F01337B777B7F45
:1098B800032BD5D96B4B1B78002B00F0CF806B4B5B
:1098C8001B781B016D4A13447B61684B1B78684AFF
:1098D800127811461846FFF7DBFE38617B695A8813
:1098E800644B1B789B009BB213449BB20233FB81F1
:1098F8007B69DB88023B9BB2FA899A4223D2FB89B7
:109908000433FB837B69DB88023B9BB2FA8B9A4268
:1099180003D97B69DB88023BFB837B691B880233A5
:1099280098B27B699B88023B9AB2FC8BF9893B69A8
:1099380000932346FFF7BBFD4E4B1B780133DAB289
:109948004C4B1A708BE0494B1B78494A12781146E8
:109958001846FFF7C7FEB860474B1B781C46B86827
:10996800F6F768FC03469C4244D2B868F6F762FCF6
:1099780003469BB21A46520013449B00FB807B6946
:109988001A887B699B8819467B691B88C91AFB88DA
:10999800CB1A5B089BB21344BB807B695A887B69EE
:1099A800DB8819467B695B88CB1A103B5B089BB246
:1099B80013447B80304B1B781A46520013449B009B
:1099C8009AB2BB88134498B22B4B1B781A46BB68D3
:1099D80013441A7879883B6901936FF07F430093A9
:1099E8000223FFF7AFFC244B1B780133DAB2224B7A
:1099F8001A7034E01E4B1B78002B0CD01B4B1B78C5
:109A08001A4601239340DAB2174B1B781343DAB294
:109A1800154B1A700DE0154B1B781A46012393401D
:109A2800DBB2DB43DAB2104B1B781340DAB20E4BD1
:109A38001A700E4B1878124B93F900200B4B1B78B9
:109A48005BB29A4202D16FF07F4300E000231946CF
:109A5800FFF7C8FD034B00221A7000E000BF24374F
:109A6800BD4690BD97130020961300209813002040
:109A7800991300209A1300209B130020306F0108CF
:109A88005100002080B485B000AF03460A46FB8031
:109A98001346BB800023FB731EE0FB7B1B01134AAC
:109AA8001344BB60BB681B88FA889A4211D3BB6811
:109AB8009B88FA889A420CD2BB685B88BA889A421B
:109AC80007D3BB68DB88BA889A4202D297F90F306D
:109AD80007E0FB7B0133FB73FB7B032BDDD94FF0E6
:109AE800FF3318461437BD4680BC7047306F0108F5
:109AF80080B582B000AF0346FB71FB79032B2ED8EB
:109B080001A252F823F000BF219B0008299B0008FE
:109B1800319B0008599B00084020FFF71DF921E000
:109B2800124B01221A701DE0114B1B7803F0100331
:109B3800002B03D00220FFF773F812E00C4B1B78C0
:109B480003F02803002B0CD00820FFF769F808E081
:109B5800064B02221A701020FFF762F802E000BFDD
:109B680000E000BF00BF0837BD4680BD9513002048
:109B7800EC06002080B584B000AF02F025FDF86047
:109B8800384B1B68FA68D31A182B62D9354AFB6818
:109B9800136002F06FFB0346002B13D1324B93F98D
:109BA8000030002B0ADB304B93F90030DBB2002188
:109BB8001846FFF717FD2C4BFF221A702B4B00227B
:109BC8001A704BE0BA1D07F108031146184602F057
:109BD80067FC0346002B3ED03B89FA88114618469D
:109BE800FFF750FF0346FB72204B1B78002B0AD16E
:109BF8001E4B01221A7097F90B30002B03DBFB7AFE
:109C08001846FFF775FF184B93F9003097F90B20AA
:109C18009A4222D0144B93F90030002B07DB124BE9
:109C280093F90030DBB200211846FFF7DBFC0E4A3F
:109C3800FB7A13700C4B93F90030002B0EDB0A4BA8
:109C480093F90030DBB26FF07F411846FFF7CAFC8A
:109C580004E000BF02E000BF00E000BF1037BD46CF
:109C680080BD00BF901300205100002094130020F5
:109C780080B586B004AF194B1B78DBB2002B01D03E
:109C8800174B00E0174B7B607B6800932F234FF442
:109C9800EB7208214FF49070FFF730FC0F4B1B78E4
:109CA800DBB2002B01D0104B00E0104B7A68039216
:109CB8000F4A02920222019200932D234FF4EA7276
:109CC8000A214FF49170FFF745FC044B1B78DAB278
:109CD800084B1A7000BF0837BD4680BD41130020ED
:109CE800A3D9C6006565A900C4690108D06901083F
:109CF800009AE3005000002080B58CB000AF786077
:109D080039604FF000013868F6F7FAFF0346002B78
:109D18000AD04FF07C513868F6F72EFD03461846F6
:109D2800F7F734F8034600E00023BB6207F10C00A4
:109D3800BB6A154A18210AF0C5F812222021786852
:109D48000AF086F97B68123300221A7007F10C03B7
:109D58001846F6F76FFAF862FB6A122B01D912233C
:109D6800FB62FB6AC3F112035B087B627A687B6A59
:109D7800134407F10C01FA6A18460AF05EFA00BFAC
:109D88003037BD4680BD00BFDC69010880B58CB0A6
:109D980002AF474B3B62474BFB61474B1A683B1D81
:109DA80011461846FFF7A8FF002387F8273034E04C
:109DB80097F8273028333B4413F8242C97F827309A
:109DC8003E49CB5C9A4223D097F827309BB21A467B
:109DD800520013449B009BB2F93398B297F827308E
:109DE80028333B4413F8242C3B6A0193FB69009306
:109DF8000223A521FFF7A6FA97F8272097F827301E
:109E080028323A4412F8241C2C4AD15400234AE040
:109E180097F82730013387F8273097F82730112B28
:109E2800C6D9274B1A88274B1B889A4236D0244B11
:109E38001B881A46DB2302FB03F3234AA2FB0323F6
:109E48009B097B831F4B1B881A46DB2302FB03F30A
:109E58001D4AA2FB03239B093B833A8B7B8B9A42C7
:109E68000CD97B8BF83398B23B8BF8339AB2174BEB
:109E78000093D223CA21FFF71AFB0FE03A8B7B8BA2
:109E88009A420BD23B8BF83398B27B8BF8339AB259
:109E98000F4B0093D223CA21FFF709FB094B1A88FD
:109EA800074B1A80012318462837BD4680BD00BFDE
:109EB8003C3C3C009EC7F700541300205C13002074
:109EC8008E13002042130020D34D621000C0FF0003
:109ED8003030300090B58FB002AFF860B9607A606A
:109EE80041497868F6F70CFF0346002B02D03E4B39
:109EF8007B6008E03D497868F6F7E4FE0346002BEE
:109F080001D03A4B7B603A497868F6F73DFD034645
:109F18001C464FF000017868F6F7E8FE0346002B70
:109F280002D04FF07C5301E04FF03F4321461846E2
:109F3800F6F722FC03461846F6F702FF0346FB62D3
:109F4800FB6A002BB8BF5B42BB62FB6A002B01DADD
:109F58002D2400E02B24BB6A264AA2FB03235909BF
:109F6800BA6A244BA3FB02035B09642000FB03F3DA
:109F7800D31A07F110000193009123461E4A1021BD
:109F880009F0A0FF07F110031846F6F753F97862B5
:109F98007B6A082B03D87B6AC3F1090300E000231E
:109FA8003B623A6A7B6A13440133BA689A4206D222
:109FB800BB68002B13D0FB6800221A7010E03A6AC5
:109FC8002021F8680AF044F8FA683B6AD0187B6ADE
:109FD8005A1C07F1100319460AF02FF900E000BFD8
:109FE8003437BD4690BD00BFF63F1C46F63F1CC641
:109FF8000000C8421F85EB51EC69010880B588B0A4
:10A0080004AF03460A46FB711346BB71BB79002BAC
:10A0180001D01A4B00E01A4BFB60FB79194A32F861
:10A028001300FB79174A32F8133020339AB2FB68D1
:10A038000093C223A021FFF761FAFB79114A32F895
:10A048001330023398B2FB790E4A32F813301E33BC
:10A0580099B2FB795B000C4A1344FA6803926FF0DB
:10A068007F420292022201920093C0230A46A22153
:10A07800FFF770FA00BF1037BD4680BD180DF2001B
:10A0880058514600587001086070010880B582B0C8
:10A0980000AF214B1B7803F00703DBB21F4A12788D
:10A0A800002A01D0082200E000221343BB710023DC
:10A0B800FB7129E0FB79012202FA03F37B71184B4B
:10A0C8001A78BB795340DAB27B791340DBB2002BA4
:10A0D80017D0BA797B791340DBB2002B14BF012368
:10A0E8000023DBB21A46FB7911461846FFF786FFB4
:10A0F8000B4B1A787B795340DAB2094B1A7000235C
:10A1080006E0FB790133FB71FB79032BD2D90123DC
:10A1180018460837BD4680BD581300205913002043
:10A128008313002080B582B000AF78602149786839
:10A13800F6F776F80346002B01D11F4B35E01F498F
:10A148007868F6F76DF80346002B06D01C49786846
:10A15800F6F766F80346002B01D11A4B25E01A4999
:10A168007868F6F75DF80346002B06D0174978683B
:10A17800F6F756F80346002B02D14AF6E80314E036
:10A1880013497868F6F74CF80346002B02D14BF6D2
:10A198004F030AE00F497868F6F742F80346002BA8
:10A1A80002D14AF6960300E00B4B18460837BD4625
:10A1B80080BD00BFF8690108180DF200006A0108A7
:10A1C800086A010800C0FF00106A0108146A010843
:10A1D800186A0108206A01087777770080B584B08B
:10A1E80002AF494B1B78002B1FD148494848F6F766
:10A1F80017F80346002B01D1012380E00C224449C3
:10A20800444809F02DFF434B0022DA724148FFF71A
:10A2180089FF0346404A1360404B00221A70404BA6
:10A2280000221A70384B01221A70374B1B78012B09
:10A2380020D13A4B1B789B009BB2C9333B803B88AB
:10A2480004339AB2344B1B68398800931346D022E2
:10A258003920FFF72CF9314B1B780133DAB22F4B39
:10A268001A702E4B1B78082B02D9274B02221A7022
:10A27800002344E0244B1B78022B3FD12548F5F7F7
:10A28800D9FF78607A681346DB0013445B00C3F19A
:10A2980097035B089BB239337B80214B1B781A46A6
:10A2A8007B6893421FD91E4B1B781A46D200134471
:10A2B8005B009AB27B88134498B2194B1B781A46F4
:10A2C800144B9A5C144B1B680193002300930323DF
:10A2D800CF21FFF737F8124B1B780133DAB2104B56
:10A2E8001A7000230BE00C220A49084809F0B8FE4E
:10A2F800064B0022DA72044B00221A70012318461A
:10A308000837BD4680BD00BF8013002044000020F0
:10A3180010000020701300207C13002081130020FF
:10A328008213002090B58DB002AF564B3B62564B5E
:10A33800FB61564B1B78032B75D8544B1B78FB7667
:10A34800FB7E534A52F82320FB7E524951F82330B2
:10A3580019461046F6F7ACFC0346002B7CD1FB7E71
:10A368004B4A52F823203B1D14211846FFF7B2FD33
:10A37800002387F8273049E097F8273028333B44F3
:10A3880013F8241CFA7E97F82700434C13469B00C9
:10A3980013445B00234403441B78994231D0FB7E6D
:10A3A8003E4A32F8132097F827309BB21946C90065
:10A3B8000B445B009BB2134498B2FB7E384A32F8D8
:10A3C800131097F8273028333B4413F8242C3B6AA2
:10A3D8000193FB6900930323FEF7B4FF97F8273036
:10A3E800FA7E97F8271028333B4413F8244C2A4860
:10A3F80013469B0013445B0003440B4422461A7027
:10A408003CE097F82730013387F8273097F8273052
:10A41800082BB1D9FA7EFB7E1D4951F822201D492F
:10A4280041F8232018E0194B1B78042B05D1FFF7BE
:10A438002DFE0346002B0FD120E0144B1B78052B73
:10A4480005D1FFF7A3FC0346002B05D116E0FFF763
:10A45800C5FE0346002B10D00C4B1B780133DAB233
:10A468000A4B1A70094B1B78062B07D9074B002299
:10A478001A700C4B00221A7000E000BF2C37BD4642
:10A4880090BD00BF3C3C3C00FFEFBD008C1300209A
:10A4980044130020000000201C0000206870010800
:10A4A8007070010884130020F0B58FB004AF8C4B96
:10A4B8003B628C4BFB613B6A00934FF4A0734FF4F3
:10A4C800F07200210020FEF7F2FF874B00932F2344
:10A4D8004FF4907208210A20FFF710F8824B01937D
:10A4E800824B00930323824A0F211120FEF7B2FF0B
:10A4F800FFF7BEFB002387F8273061E097F8273085
:10A508007C4A32F813307B8397F827307A4A32F83E
:10A5180013303B837B8BE1339AB23B8B2D339CB258
:10A52800398B788BFB6900932346FEF7E7FF7B8B1B
:10A53800023398B23B8B023399B27B8B23339AB2A6
:10A548003B8B2B339CB297F827306C4D55F8233052
:10A5580000932346FEF7ABFF7B8B023398B23B8B0D
:10A56800023399B27B8B23339CB23B8B2B339DB246
:10A5780097F827305B00624A134497F827205F4E0C
:10A5880056F8222003926FF07F4202920322019232
:10A5980000932B462246FEF7DDFF7B8B2F3398B2C4
:10A5A8003B8B0B3399B2FB690193504B0093032308
:10A5B800544AFEF74FFF97F82730013387F82730C2
:10A5C80097F82730032B99D9FB690093C423EB2212
:10A5D8009E210A20FEF792FFFB690193434B0093EB
:10A5E8000223494AA7211020FEF734FF002387F8E9
:10A5F80026300AE097F8263000211846FFF7FEFCBF
:10A6080097F82630013387F8263097F82630032B41
:10A61800F0D93E4B00221A70FB690093C4234FF413
:10A62800EB729E21F520FEF769FF3B1D4FF00001FC
:10A638001846FFF761FB3A1DFB690193344B009301
:10A648000223A521F920FEF705FF324B1C463D1DCC
:10A658000FCD0FC42B681A46228002341B0C2370BE
:10A668002D4B0093D5234FF4EB72C721F520FEF74D
:10A6780045FF2A4B00221A80294B0093EF23D22250
:10A68800C7213720FEF73AFF254B03930023029397
:10A6980003230193234B0093ED23D022C9213920B2
:10A6A800FEF758FF002387F825300AE097F8253091
:10A6B80000211846FFF780F897F82530013387F80E
:10A6C800253097F82530032BF0D9174B00221A7044
:10A6D800164B00221A7000BF2C37BD46F0BD00BFD4
:10A6E8003B3B3B003C3C3C0092929200FFEFBD009C
:10A6F800286A0108787001088070010888700108CC
:10A7080098700108346A0108406A01088313002020
:10A718009EC7F7005C130020303030008E130020F5
:10A7280077777700486A010896130020971300206E
:10A7380080B582B000AF0023FB71154B1B78DBB2EC
:10A74800002B02D00123FB7118E001F03DFF034606
:10A75800104AA2FB031292094FF47A7101FB02F22C
:10A768009B1A3B603B684F2B06D93B68B32B05D936
:10A778003B68B3F5827F01D20123FB71FB791A464E
:10A788000421054802F007FC00BF0837BD4680BD1C
:10A7980041130020D34D62100010014080B584B0F1
:10A7A80000AF78600B467B8001F00EFFF86006E092
:10A7B80001F00AFF0246FB68D31A322B08D87B88BF
:10A7C8001946786808F0DCFD0346012BF0D000E05C
:10A7D80000BF00BF1037BD4680BD0FB480B5C2B002
:10A7E80000AF07F58A7207F58473A3F584731A60BE
:10A7F80007F58473A3F58473381D1B68D7F81021F7
:10A808004FF4807109F006FCC7F80401D7F8043149
:10A81800002B0FDDD7F80431FF2B02DDFF23C7F82B
:10A828000431D7F804319AB23B1D11461846FFF798
:10A83800B5FF00E000BF07F58477BD46BDE880405E
:10A8480004B0704780B485B000AF0346FB71FB7954
:10A85800FB72FB7A0133144A13441B7803F0030399
:10A86800012B02D1FB7A203300E0FB7AFB71002335
:10A87800FB6010E00D4AFB681B0113440E331B7884
:10A88800FA799A4204D1FB681B01084A134406E08E
:10A89800FB680133FB60FB68032BEBD900231846E8
:10A8A8001437BD4680BC7047C2700108F06E0108BD
:10A8B80080B500AF0648FFF790FF0648FFF78DFF09
:10A8C8000548FFF78AFF0548FFF787FF00BF80BDEF
:10A8D800506A01086C6A01088C6A0108C06A01089C
:10A8E8002DE9F04184B002AF4F48FFF776FF04210D
:10A8F8004E4802F039FB0346012B0CBF012300230D
:10A90800DBB21D464FF48061494802F02DFB034637
:10A91800012B0CBF01230023DBB21E46454B1B88CD
:10A928009846454B5C6B4FF40061404802F01CFBB5
:10A938000346012B0CBF01230023DBB201930094D3
:10A948004346324629463D48FFF747FF00237B60D0
:10A958002AE03B497A6813465B0013449B000B448A
:10A9680008331C6836497A6813465B0013449B0019
:10A978000B44186832497A6813465B0013449B00FD
:10A988000B4404331B88194602F0EEFA0346012BE8
:10A998000CBF01230023DBB21A4621462948FFF7E2
:10A9A8001CFF7B6801337B607B68032BD1D9264869
:10A9B800FFF713FF00233B602AE024493A68134657
:10A9C8005B0013449B000B4408331C681F493A681A
:10A9D80013465B0013449B000B4418681B493A68F4
:10A9E80013465B0013449B000B4404331B88194631
:10A9F80002F0BAFA0346012B0CBF01230023DBB295
:10AA08001A4621461248FFF7E8FE3B6801333B60CF
:10AA18003B68062BD1D90C48FFF7DFFE00BF08378B
:10AA2800BD46BDE8F08100BFF86A0108001001408A
:10AA3800000C014042130020002C0140046B010867
:10AA48006C6E01083C6B0108446B01089C6E0108A0
:10AA5800486B010880B500AF2048FFF7BEFE2048CC
:10AA6800FFF7BBFE1F48FFF7B8FE1F48FFF7B5FE0C
:10AA78001E48FFF7B2FE1E48FFF7AFFE10211D4823
:10AA880002F072FA0346012B0CBF01230023DBB24C
:10AA980019461948FFF7A1FE0821164802F064FA82
:10AAA8000346012B0CBF01230023DBB219461348D0
:10AAB800FFF793FE1248FFF790FE4FF480511148BC
:10AAC80002F052FA0346012B0CBF01230023DBB22C
:10AAD80019460D48FFF781FE00BF80BD546B010881
:10AAE800746B0108846B0108986B0108AC6B010852
:10AAF800BC6B0108000C0140CC6B0108E46B010839
:10AB0800FC6B010800100140106C010880B584B08E
:10AB180000AF786039607B68002B02D07B68042B1B
:10AB280003D91448FFF759FE21E07B685A1E1346E3
:10AB38005B0013449B00104A1344FB60FB681868D1
:10AB4800FB6899883B68002B14BF01230023DBB204
:10AB58001A4602F020FAFB6899683B68002B01D07E
:10AB6800012300E000231A460448FFF736FE103799
:10AB7800BD4680BD2C6C01086C6E0108486C01084C
:10AB880080B584B000AF03463960FB71FB79184685
:10AB9800FFF758FEF860FB68002B03D11048FFF759
:10ABA8001CFE19E0FB689868FB6899893B68002BD4
:10ABB80014BF01230023DBB21A4602F0ECF9FB684C
:10ABC8009B7B19463B68002B01D0012300E0002342
:10ABD8001A460448FFF701FE1037BD4680BD00BF86
:10ABE800546C0108706C010880B586B000AF03464C
:10ABF8003960FB71FB791846FFF724FE38613B6921
:10AC0800002B03D12148FFF7E8FD3CE03B6842F206
:10AC18001072934202D942F210733B6000237B61A9
:10AC280026E03B6918683B699B880122194602F0B7
:10AC3800B2F90023FB6002E0FB680133FB60FB68AC
:10AC4800B3F5167FF8D33B6918683B699B880022E7
:10AC5800194602F0A0F90023BB6002E0BB6801338B
:10AC6800BB60BB68B3F5167FF8D37B6901337B61A2
:10AC78007A693B689A42D4D33B699B7B3A68194608
:10AC88000348FFF7AAFD1837BD4680BD546C01087C
:10AC9800806C010880B582B000AF00237B604DE076
:10ACA8002B497A6813465B0013449B000B441868D1
:10ACB80027497A6813465B0013449B000B4404330E
:10ACC8001B880122194602F066F921497A68134661
:10ACD8005B0013449B000B4408331B6819461D484E
:10ACE800FFF77BFD4FF4967001F078FC18497A68FD
:10ACF80013465B0013449B000B44186814497A6898
:10AD080013465B0013449B000B4404331B8800224A
:10AD1800194602F040F90E497A6813465B0013445D
:10AD28009B000B4408331B6819460B48FFF755FD79
:10AD3800642001F053FC7B6801337B607B68032B44
:10AD4800AED90648FFF749FD00BF0837BD4680BDAC
:10AD58006C6E0108946C01089C6C0108A86C0108D1
:10AD680080B584B000AF78607B68002B02D07B6828
:10AD7800042B03D92348FFF730FD3FE07B685A1EB8
:10AD880013465B0013449B001F4A1344BB60BB6817
:10AD98009B6819461D48FFF720FD0023FB6026E04D
:10ADA800BB681868BB689B880122194602F0F3F853
:10ADB800BB689B6819461648FFF70FFD4FF4FA70F9
:10ADC80001F00CFCBB681868BB689B880022194618
:10ADD80002F0E1F8BB689B6819460E48FFF7FDFCD6
:10ADE8004FF4FA7001F0FAFBFB680133FB60FB6873
:10ADF800092BD5D979680848FFF7EFFC1037BD460D
:10AE080080BD00BF2C6C01086C6E0108B46C010891
:10AE1800DC6C0108E86C0108F46C010880B483B0AC
:10AE280000AF0346FB80FB88B3F57A7F02D94FF465
:10AE38007A73FB80054AFB881380054AFB885363B5
:10AE480000BF0C37BD4680BC704700BF42130020CE
:10AE5800002C014080B586B000AFF860B96011469B
:10AE68001A460B46FB711346BB710023FB750BE0BA
:10AE7800FB7D9B00FA681A44FB7D1268114941F872
:10AE88002320FB7D0133FB75FB7D032BF0D90E4A94
:10AE9800BB6813600D4AFB7913700D4ABB791370B8
:10AEA8000C22396A0B4809F0DBF80A4B0022DA72E7
:10AEB800094B00221A70094B01221A7000BF18377B
:10AEC800BD4680BD441300205413002058130020B1
:10AED80059130020100000208C1300208413002038
:10AEE80090B58BB000AF786007F1080300221A60B4
:10AEF8005A609A60DA6000237B62A849786809F092
:10AF0800C3F838620DE07B6A5A1C7A629B002833CA
:10AF18003B443A6A43F8202CA049002009F0B4F8D1
:10AF280038623B6A002B02D07B6A032BEBD97B6A21
:10AF3800002B00F06C81BB68FB6115E0FB691B7896
:10AF4800FB76FB7E0133964A13441B7803F0030318
:10AF5800012B02D1FB7E203300E0FB7EDAB2FB69D5
:10AF68001A70FB690133FB61FB691B78002BE5D183
:10AF7800BB688C491846F5F753F90346002B07D0F0
:10AF8800BB6889491846F5F74BF90346002B02D1EF
:10AF9800FFF78EFC3CE1BB6884491846F5F740F999
:10AFA8000346002B07D0BB6881491846F5F738F9E6
:10AFB8000346002B02D1FFF793FC29E1BB687D49CA
:10AFC8001846F5F72DF90346002B02D1FFF742FD8D
:10AFD8001EE1BB6878491846F5F722F90346002BAD
:10AFE80021D17B6A012B1ED9FB68184608F0A6FD03
:10AFF8000346002B14BF01230023DBB21A464FF48B
:10B0080080616E4801F0C7FFFB68184608F096FD9E
:10B018000346002B14BF01230023DBB219466848FE
:10B02800FFF7DBFBF4E0BB6866491846F5F7F8F86C
:10B038000346002B12D17B6A022B0FD9FB681846F6
:10B0480008F07CFD03461C463B69184608F076FD6F
:10B05800034619462046FFF759FDD9E0BB685A490F
:10B068001846F5F7DDF80346002B0BD17B6A012B58
:10B0780008D9FB68184608F061FD03461846FFF733
:10B088006FFEC5E0BB6851491846F5F7C9F8034695
:10B09800002B0ED17B6A022B0BD9FB681C783B690D
:10B0A800184608F04BFD034619462046FFF768FD91
:10B0B800AEE0BB6846491846F5F7B2F80346002BE0
:10B0C80010D17B6A022B0DD9FB681C783B690A22D8
:10B0D8000021184608F028FE034619462046FFF7C7
:10B0E80083FD95E0BB683B491846F5F799F8034698
:10B0F800002B17D17B6A012B14D9FB68184608F07E
:10B108001DFD0346002B02D04FF47A7300E00023A4
:10B118001846FFF783FE304B1B8819462F48FFF768
:10B128005CFB75E0BB682E491846F5F779F80346CD
:10B13800002B14D17B6A012B11D9FB680A2200214C
:10B14800184608F0F1FD03469BB21846FFF766FE65
:10B15800214B1B8819462148FFF73FFB58E0BB6885
:10B1680020491846F5F75CF80346002B40D17B6A66
:10B17800012B3DD9FB68184608F0E0FC0346002B7C
:10B1880005D000F0B9F91848FFF727FB40E0174849
:10B19800FFF723FB00F0A4F93AE000BF086D0108AF
:10B1A800C2700108106D0108146D01081C6D0108BA
:10B1B800206D0108286D01082C6D0108000C014064
:10B1C800306D01083C6D0108406D0108486D0108AB
:10B1D8004C6D0108546D0108421300205C6D010894
:10B1E800706D0108746D0108786D0108946D01088F
:10B1F800BB6809491846F5F713F80346002B02D136
:10B20800FFF748FD04E00548FFF7E7FA00E000BF54
:10B218002C37BD4690BD00BFB46D0108BC6D010858
:10B2280080B500AF00220421154801F0B4FE0022C9
:10B238004FF48061134801F0AEFE0022402110480F
:10B2480001F0A9FE002280210D4801F0A4FE002291
:10B258004FF480710A4801F09EFE00224FF40071FD
:10B26800074801F098FE00F00FF8FDF761FFFFF7BF
:10B278001BF900F0E9FF00F07FF800BF80BD00BFB8
:10B2880000100140000C014080B588B000AF07F104
:10B29800100300221A605A609A60DA60324B9B6988
:10B2A800314A43F0080393612F4B9B6903F008036D
:10B2B800FB60FB682C4B9B692B4A43F0100393619E
:10B2C800294B9B6903F01003BB60BB68264B9B6945
:10B2D800254A43F020039361234B9B6903F0200325
:10B2E8007B607B6800224FF46071204801F053FEB8
:10B2F800012248211D4801F04EFE012204211C486C
:10B3080001F049FE4FF472733B6101237B61002316
:10B31800BB610323FB6107F110031946134801F0D1
:10B328008FFC04233B6107F110031946104801F014
:10B3380087FC00237B610123BB610223FB6110238F
:10B348003B6107F110031946084801F079FC4FF4F6
:10B3580080533B6107F110031946064801F070FC61
:10B3680000BF2037BD4680BD00100240000C0140E0
:10B37800001401400010014080B586B000AF07F10D
:10B38800080300221A605A609A60DA60364B9B699B
:10B39800354A43F004039361334B9B6903F004037C
:10B3A8007B607B68304B9B692F4A43F40063936151
:10B3B8002D4B9B6903F400633B603B684FF480733B
:10B3C800BB600223FB6000233B6103237B6107F121
:10B3D80008031946254801F033FC254B00221A6062
:10B3E800234B00225A60224B00229A60204B0022F5
:10B3F800DA601F4B00221A621D4B2F229A621C4BE7
:10B4080040F2E732DA621A4B00225A63184B9B6902
:10B41800174A23F073039361154B9B69144A43F051
:10B4280068039361124B1B6A114A43F001031362CC
:10B438000F4B5B6C0E4A43F4004353640C4B1B6880
:10B448000B4A43F080031360094B01225A61084BF1
:10B458001B68074A43F001031360064B00221A8059
:10B4680000BF1837BD4680BD0010024000080140EB
:10B47800002C01404213002080B586B000AF07F1D0
:10B48800080300221A605A609A60DA60124B9B69BE
:10B49800114A43F0100393610F4B9B6903F01003AB
:10B4A8007B607B6801224FF400610C4801F073FD5A
:10B4B8004FF40063BB600123FB6000233B61022360
:10B4C8007B6107F108031946044801F0B9FB00BF86
:10B4D8001837BD4680BD00BF001002400010014073
:10B4E80080B500AF01224FF40061024801F053FD1E
:10B4F80000BF80BD0010014080B500AF00224FF4AE
:10B508000061024801F047FD00BF80BD0010014006
:10B5180080B598B000AFFFF70BF9FEF72BFB01F0F1
:10B5280053F80246274B1B68D31A042B06D901F09F
:10B538004BF80346234A1360FEF788F9224B1A7822
:10B54800224B1B78DBB29A4201D0FEF791FB204BCD
:10B558001B78DBB2002B0ED001F036F802461D4BEB
:10B568001B68D31A042B06D901F02EF80346194A92
:10B578001360FEF7D7FE184B1A88184B1B889A429F
:10B5880002D0134B01221A70154B1B78DBB2002B2B
:10B5980013D072B600BF3B4660221249184608F025
:10B5A8005FFD002387F85F300D4B00221A7062B6EA
:10B5B80000BF3B461846FFF793FC00BF6037BD4607
:10B5C80080BD00BF9C1300205000002041130020C4
:10B5D80084130020881300208E13002042130020BB
:10B5E80040130020E012002080B483B000AF03466F
:10B5F800FB71FB79002B01D0012200E00022034BF4
:10B608001A7000BF0C37BD4680BC7047411300203C
:10B6180080B400AF034B1B78DBB21846BD4680BC34
:10B62800704700BF4113002080B483B000AF064BC1
:10B638001B78FB71044B00221A70FB7918460C37F3
:10B64800BD4680BC704700BF9513002080B483B00E
:10B6580000AF0346FB71FB7903F00103002B01D017
:10B668001B4B30E0FB7903F00403002B01D0194B8E
:10B6780029E0FB7903F00803002B01D0164B22E0E8
:10B68800FB7903F01003002B01D0144B1BE0FB796E
:10B6980003F02003002B01D0114B14E0FB7903F0D9
:10B6A8004003002B01D00F4B0DE0FB7903F00203A0
:10B6B800002B01D00C4B06E097F90730002B01DA7C
:10B6C8000A4B00E00A4B18460C37BD4680BC704751
:10B6D800DC6D0108E46D0108EC6D0108F06D0108EE
:10B6E800F86D0108FC6D0108046E01080C6E010874
:10B6F800146E010880B582B000AF78600B467B807D
:10B7080013467B707B78002B14BF01230023DBB228
:10B718001A467B881946786801F03DFC00BF083757
:10B72800BD4680BDF0B58DB002AFEFF310833B622C
:10B738003B6A7B6272B600BF164B07F110040FCB51
:10B7480084E80F007B6A002B01D162B600BF07F1C5
:10B7580010023B4611461846FDF70CFA0E4B1C69C1
:10B76800F7F770FA03461D46F9F7A4F903461E4693
:10B77800094B1B781846FFF769FF034638460093C4
:10B7880033462A462146FFF765FB00BF2C37BD46E6
:10B79800F0BD00BF00070020EC06002080B500AF18
:10B7A80000220221142001F014F800BF80BD00001F
:10B7B80080B582B000AF00F007FF7860094B1B68C6
:10B7C8007A68D31AB3F57A7F04D3064A7B68136084
:10B7D800FFF7A8FFFFF79CFEFAF7BCFE00BF08378B
:10B7E800BD4680BDA013002080B582B000AF2C4BB1
:10B7F800DB692B4A43F00103D361294BDB6903F072
:10B8080001037B607B68264BDB69254A43F0020312
:10B81800D361234BDB6903F002033B603B684FF0C5
:10B82800804300221A604FF0804300229A624FF052
:10B8380080434FF6FF72DA624FF080430122DA60EC
:10B848004FF0804300221A61164B08221A60154BEC
:10B8580000229A62134B0122DA62124B0122DA604B
:10B86800104B00221A61002200211C2000F0B1FFB9
:10B87800012200211D2000F0ACFF1C2000F0C5FFB4
:10B888001D2000F0C2FF002000F098F8002000F012
:10B89800C9F8012000F008F800BF0837BD4680BD90
:10B8A800001002400004004080B582B000AF03469B
:10B8B800FB71FB791A464FF480610348FFF71AFFC2
:10B8C80000BF0837BD4680BD000C014080B483B07E
:10B8D80000AF03460A46FB801346BB80FB88002B5B
:10B8E80001D10123FB804FF080431B684FF0804259
:10B8F80023F0010313604FF08042BB889362FB88FA
:10B90800013B9AB24FF08043DA624FF08043002245
:10B918005A624FF0804301225A614FF0804300225F
:10B928001A614FF080431B684FF0804243F00103D7
:10B93800136000BF0C37BD4680BC704780B400AFB1
:10B948004FF080431B684FF0804223F001031360DF
:10B958004FF0804300221A6100BFBD4680BC70478B
:10B9680080B483B000AF0346FB80FB88002B01D175
:10B978000123FB80104B1B680F4A23F0010313605F
:10B988000D4B00229A62FB88013B9AB20A4BDA629D
:10B99800094B00225A62084B01225A61064B0022C9
:10B9A8001A61054B1B68044A43F00903136000BF82
:10B9B8000C37BD4680BC70470004004080B582B09B
:10B9C80000AF0346FB71FB7903F00103DBB21A46B3
:10B9D80002211148FFF78EFEFB7903F00203DBB268
:10B9E8001A4620210D48FFF785FEFB7903F0040372
:10B9F800DBB21A4680210A48FFF77CFEFB7903F088
:10BA08000803DBB21A4620210548FFF773FE00BF82
:10BA18000837BD4680BD00BF000C01400010014042
:10BA28000008014080B582B000AF0346FB71FB7986
:10BA380003F00103DBB21A4601211148FFF75AFE51
:10BA4800FB7903F00203DBB21A4610210D48FFF719
:10BA580051FEFB7903F00403DBB21A4640210A4881
:10BA6800FFF748FEFB7903F00803DBB21A4608210A
:10BA78000548FFF73FFE00BF0837BD4680BD00BF41
:10BA8800000C0140001001400008014080B582B060
:10BA980000AF0023FB714FF48051134801F064FAA2
:10BAA8000346012B03D1FB7943F00103FB714FF4EB
:10BAB80000510D4801F058FA0346012B03D1FB79D8
:10BAC80043F00203FB714FF48041074801F04CFA40
:10BAD8000346012B03D1FB7943F00403FB71FB7987
:10BAE80018460837BD4680BD000C014080B500AF40
:10BAF8004FF40041054801F037FA0346012B0CBF0B
:10BB080001230023DBB2184680BD00BF000C0140B2
:10BB180080B400AF00231846BD4680BC704780B58E
:10BB280000AF0020FFF77AF9002000F005F80020A8
:10BB380000F014F800BF80BD80B582B000AF0346A6
:10BB4800FB71FB791A4640210348FFF7D3FD00BF7C
:10BB58000837BD4680BD00BF0010014080B582B0E7
:10BB680000AF0346FB71FB791A4680210348FFF7B3
:10BB7800C1FD00BF0837BD4680BD00BF00100140B1
:10BB880080B582B000AF0346FB80FB881846FFF7FC
:10BB980045F900BF0837BD4680BD000080B500AF3D
:10BBA8004021054801F0E0F90346012B0CBF0123B1
:10BBB8000023DBB2184680BD0010014080B500AFFD
:10BBC8008021054801F0D0F90346012B0CBF012361
:10BBD8000023DBB2184680BD0010014080B500AFDD
:10BBE800002000F005F8002000F014F800BF80BD28
:10BBF80080B582B000AF0346FB71FB791A464FF45B
:10BC080080710348FFF776FD00BF0837BD4680BD49
:10BC18000010014080B582B000AF0346FB71FB798C
:10BC28001A464FF400710348FFF764FD00BF083758
:10BC3800BD4680BD0010014080B500AF4FF4807153
:10BC4800054801F091F90346012B0CBF012300239D
:10BC5800DBB2184680BD00BF0010014080B500AFC0
:10BC680000F05AFC00F014F800F070F8FFF704FC3C
:10BC7800FFF736FC962000F0B1FC07F09BFAFFF7BF
:10BC88003BFCFFF7CDFAF7F761FAFFF741FCFCE759
:10BC980080B596B000AF07F130032822002118467E
:10BCA80008F0D6F907F11C0300221A605A609A605E
:10BCB800DA601A613B1D00221A605A609A60DA60E5
:10BCC8001A615A6101233B634FF480337B6300237D
:10BCD800BB6301233B640223FB644FF480333B6561
:10BCE8004FF480137B6507F13003184602F0CCFE51
:10BCF8000346002B01D000F0CBF80F23FB61022391
:10BD08003B6200237B624FF48063BB620023FB62CB
:10BD180007F11C030121184603F038F90346002BEC
:10BD280001D000F0B5F810237B604FF48003BB61AD
:10BD38003B1D184603F086FA0346002B01D000F09D
:10BD4800A7F800BF5837BD4680BD000080B588B051
:10BD580000AF07F1100300221A605A609A60DA6097
:10BD6800464B9B69454A43F020039361434B9B69CB
:10BD780003F02003FB60FB68404B9B693F4A43F09C
:10BD8800100393613D4B9B6903F01003BB60BB68D4
:10BD98003A4B9B69394A43F004039361374B9B69DB
:10BDA80003F004037B607B68344B9B69334A43F0A0
:10BDB80008039361314B9B6903F008033B603B68C0
:10BDC80000224FF47D712E4801F0E5F800224FF46F
:10BDD800F4712C4801F0DFF8002240F203412A48B0
:10BDE80001F0D9F84FF47D733B6101237B61002397
:10BDF800BB610223FB6107F110031946204800F0DC
:10BE08001FFF4FF4F4733B6101237B610023BB6187
:10BE18000223FB6107F1100319461A4800F010FFCE
:10BE280040F203433B6101237B610023BB61022392
:10BE3800FB6107F110031946134800F001FF4FF4A6
:10BE480080533B61114B7B610023BB6107F11003F9
:10BE580019460D4800F0F4FE4FF460433B6100239F
:10BE68007B610023BB6107F110031946064800F007
:10BE7800E7FE00BF2037BD4680BD00BF001002406E
:10BE88000010014000080140000C014000001110A2
:10BE980080B400AF72B600BF00BFFDE780B485B0C4
:10BEA80000AF154B9B69144A43F001039361124B91
:10BEB8009B6903F00103BB60BB680F4BDB690E4A4B
:10BEC80043F08053D3610C4BDB6903F080537B60F4
:10BED8007B680A4B5B68FB60FB6823F0E063FB60F0
:10BEE800FB6843F00073FB60044AFB68536000BFC3
:10BEF8001437BD4680BC7047001002400000014066
:10BF080080B400AF00BFFDE780B400AF00BFFDE71D
:10BF180080B400AF00BFFDE780B400AF00BFFDE70D
:10BF280080B400AF00BFFDE780B400AF00BFBD46DE
:10BF380080BC704780B400AF00BFBD4680BC70476E
:10BF480080B400AF00BFBD4680BC704780B500AF6D
:10BF580000F028FB00BF80BD80B500AF024801F0AB
:10BF68004EF900BF80BD00BF9820002080B400AF0C
:10BF780001231846BD4680BC704780B582B000AF2B
:10BF88007860396008F02CF9034616221A604FF0E1
:10BF9800FF3318460837BD4680BD80B582B000AF74
:10BFA80078604FF0FF317868FFF7E7FF00BFFDE7E3
:10BFB80080B586B000AFF860B9607A6000237B6115
:10BFC8000AE0AFF300800146BB685A1CBA60CAB2E7
:10BFD8001A707B6901337B617A697B689A42F0DB6E
:10BFE8007B6818461837BD4680BD80B586B000AF5F
:10BFF800F860B9607A6000237B6109E0BB685A1C6D
:10C00800BA601B781846AFF300807B6901337B6107
:10C018007A697B689A42F1DB7B6818461837BD4617
:10C0280080BD80B483B000AF78604FF0FF3318460E
:10C038000C37BD4680BC704780B483B000AF7860D1
:10C0480039603B684FF400525A60002318460C3799
:10C05800BD4680BC704780B483B000AF78600123D0
:10C0680018460C37BD4680BC704780B485B000AF19
:10C07800F860B9607A60002318461437BD4680BC62
:10C088007047000080B586B000AF7860144A154B41
:10C09800D31A7B617B693B61134B1B68002B02D170
:10C0A800114B124A1A60104B1A687B6813443A699C
:10C0B8009A4207D208F094F803460C221A604FF00F
:10C0C800FF3309E0084B1B68FB60074B1A687B6865
:10C0D8001344054A1360FB6818461837BD4680BDEF
:10C0E80000C0002000040000A4130020E026002067
:10C0F80080B400AF00BFBD4680BC704780B400AFBD
:10C1080000BF00BF00BF00BF00BFBD4680BC704776
:10C1180080B584B000AF0346FB710023FB73802316
:10C12800BB732FE0FA79BB7B1340DBB2002B14BF43
:10C1380001230023DBB21A464FF40071154800F0C2
:10C148002AFFFFF7DBFF01224FF48071114800F04E
:10C1580022FFFFF7D3FFFB7B5B00FB7310210D4829
:10C1680000F002FF0346012B03D1FB7B43F00103E0
:10C17800FB7300224FF48071064800F00CFFBB7B74
:10C188005B08BB73BB7B002BCCD1FB7B18461037FD
:10C19800BD4680BD000C014080B584B000AF0346A9
:10C1A800FB7101224021124800F0F5FE002208210F
:10C1B8000F4800F0F0FEFB791846FFF7A9FF0020B2
:10C1C800FFF7A6FF0346FB730020FFF7A1FF034616
:10C1D800BB7301220821064800F0DDFEFB7B1A0232
:10C1E800BB7B1343DB109BB218461037BD4680BD9E
:10C1F800000C014080B485B000AF0346FB800B46BD
:10C20800BB8013467B80FA88BB889A4205D9FB8895
:10C21800FB81BB88FB80FB89BB80BA887B889A42FC
:10C2280005D9BB88BB817B88BB80BB897B80FA88AA
:10C23800BB889A4201D9FB88BB80BB881846143753
:10C24800BD4680BC7047000080B500AF0122402188
:10C25800074800F0A0FE01220821054800F09BFED7
:10C2680000224FF48071024800F095FE00BF80BDA7
:10C27800000C014080B500AF4FF48051054800F034
:10C2880073FE0346002B0CBF01230023DBB21846C4
:10C2980080BD00BF0010014090B58FB000AF78603E
:10C2A80007F12C0300221A605A601A81FFF7E2FF97
:10C2B8000346002B09D17B681A4607F12C0303CBF0
:10C2C800106051601B8813816FE0002387F83730B6
:10C2D80034E097F83740D020FFF75EFF03461A4650
:10C2E800630038333B4423F8142C97F837409020E8
:10C2F800FFF752FF03461A46630038333B4423F8DE
:10C308001C2C97F83740B020FFF746FF03461A4623
:10C31800630038333B4423F8242C97F83740C02077
:10C32800FFF73AFF03461A46630038333B4423F8C5
:10C338002C2C97F83730013387F8373097F8373097
:10C34800022BC6D9BB8CF98C3A8D1846FFF752FFE1
:10C358000346BB85BB8BF98B3A8C1846FFF74AFF1F
:10C368000346FB85BB8AF98A3A8B1846FFF742FFDA
:10C3780003467B86BB89F9893A8A1846FFF73AFF54
:10C388000346BB86FFF776FF0346002B02D04FF427
:10C39800FA7300E000233B867B681A4607F12C03FA
:10C3A80003CB106051601B88138178683C37BD4609
:10C3B80090BD000080B487B000AFF860B9607A60C3
:10C3C800FB68002B09D0FB689B88002B05D0BB6855
:10C3D800002B02D07B68002B01D1002350E0FB68C2
:10C3E8001B881A4640F2993303FB02F2274B134489
:10C3F800FA6852881146264A01FB02F21344254A7C
:10C4080082FB03129214DB17D31A7B61FB681B882B
:10C418001A46214B03FB02F2204B1344FA68528858
:10C42800114640F2E16201FB02F21344194A82FB11
:10C4380003129214DB17D31A3B617B69002B02DAD3
:10C4480000237B6106E07B69B3F5F07F02DB40F2F5
:10C45800DF137B613B69002B02DA00233B6106E0B6
:10C468003B69B3F5A07F02DB40F23F133B617B6978
:10C478009AB2BB681A803B699AB27B681A8001231A
:10C4880018461C37BD4680BC704700BF8741A01CBA
:10C498006C0CFEFF83DE1B4301BBFEFF0CE15A124E
:10C4A80080B586B000AF7860396007F10C03184694
:10C4B800FFF7F2FE07F10C033A6879681846FFF7B0
:10C4C80079FF034618461837BD4680BDFFF710FEB2
:10C4D8000B480C490C4A002302E0D458C4500433DA
:10C4E800C4188C42F9D3094A094C002301E01360AF
:10C4F8000432A242FBD307F079FEFFF7AFFB704787
:10C508000000002034020020C47601083802002010
:10C51800DC260020FEE7000080B500AF084B1B6852
:10C52800074A43F010031360032000F047F90F2077
:10C5380000F008F8FFF7B2FC0023184680BD00BFE2
:10C548000020024080B582B000AF7860124B1A68B4
:10C55800124B1B7819464FF47A73B3FBF1F3B2FB15
:10C56800F3F3184600F05FF90346002B01D00123CE
:10C578000EE07B680F2B0AD8002279684FF0FF3055
:10C5880000F027F9064A7B681360002300E00123C6
:10C5980018460837BD4680BD540000205C000020C6
:10C5A8005800002080B400AF054B1B781A46054B95
:10C5B8001B681344034A136000BFBD4680BC704724
:10C5C8005C000020A813002080B400AF024B1B6859
:10C5D8001846BD4680BC7047A813002080B584B0BB
:10C5E80000AF7860FFF7F0FFB8607B68FB60FB681E
:10C5F800B3F1FF3F05D00A4B1B781A46FB6813447A
:10C60800FB6000BFFFF7E0FF0246BB68D31AFA6879
:10C618009A42F7D800BF00BF1037BD4680BD00BFA3
:10C628005C00002080B485B000AF78607B6803F0C0
:10C638000703FB600C4BDB68BB60BA684FF6FF036F
:10C648001340BB60FB681A02BB68134343F0BF6327
:10C6580043F40033BB60044ABB68D36000BF14379F
:10C66800BD4680BC704700BF00ED00E080B400AF5D
:10C67800044BDB681B0A03F007031846BD4680BC61
:10C68800704700BF00ED00E080B483B000AF034600
:10C69800FB7197F90730002B0BDBFB7903F01F02C6
:10C6A800064997F907305B09012000FA02F241F8C0
:10C6B800232000BF0C37BD4680BC704700E100E076
:10C6C80080B483B000AF03463960FB7197F9073037
:10C6D800002B0ADB3B68DAB20C4997F907301201E4
:10C6E800D2B20B4483F800230AE03B68DAB2084967
:10C6F800FB7903F00F03043B1201D2B20B441A7604
:10C7080000BF0C37BD4680BC704700BF00E100E0A9
:10C7180000ED00E080B489B000AFF860B9607A60DD
:10C72800FB6803F00703FB61FB69C3F10703042BF4
:10C7380028BF0423BB61FB690433062B02D9FB69BC
:10C74800033B00E000237B614FF0FF32BB6902FA34
:10C7580003F3DA43BB681A407B699A404FF0FF3114
:10C768007B6901FA03F3D9437B680B4013431846EE
:10C778002437BD4680BC704780B582B000AF786072
:10C788007B68013BB3F1807F01D301230FE00A4AA4
:10C798007B68013B53600F214FF0FF30FFF790FF9C
:10C7A800054B00229A60044B07221A6000231846A2
:10C7B8000837BD4680BD00BF10E000E080B582B0FC
:10C7C80000AF78607868FFF72DFF00BF0837BD46D7
:10C7D80080BD80B586B000AF0346B9607A60FB7350
:10C7E80000237B61FFF742FF78617A68B96878694E
:10C7F800FFF790FF024697F90F3011461846FFF7EA
:10C808005FFF00BF1837BD4680BD80B582B000AF5E
:10C818000346FB7197F907301846FFF735FF00BF4D
:10C828000837BD4680BD80B582B000AF78607868B3
:10C83800FFF7A2FF034618460837BD4680BD000033
:10C84800F0B587B000AFF860B960C7E900230123ED
:10C85800FB750023BB7500237B752F4B1B7E012BBB
:10C8680001D1022354E02C4B01221A764CF25030AD
:10C8780000F0A8F80346FB75FB7D002B44D1FB684C
:10C88800012B02D101237B7507E0FB68022B02D143
:10C8980002237B7501E004237B750023BB752DE023
:10C8A800BB7D5A00BB6802EB030CBB7D1901D7E9BD
:10C8B8000023C1F12006A1F1200022FA01F403FAB5
:10C8C80006F6344323FA00F0044323FA01F5A3B231
:10C8D8001946604600F05AF84CF2503000F072F8F1
:10C8E8000346FB750D4B1B690C4A23F001031361CA
:10C8F800FB7D002B07D1BB7D0133BB75BA7D7B7DEA
:10C908009A42CDD300E000BF034B00221A76FB7D8C
:10C9180018461C37BD46F0BDB01300200020024069
:10C9280080B483B000AF0023FB710D4B1B6903F08B
:10C938008003002B0DD00A4B0A4A5A60084B0A4A5A
:10C948005A60074B1B6903F08003002B01D00123B9
:10C95800FB71FB7918460C37BD4680BC704700BF99
:10C968000020024023016745AB89EFCD80B400AFBA
:10C97800054B1B69044A43F08003136100231846E2
:10C98800BD4680BC704700BF0020024080B483B021
:10C9980000AF78600B467B80084B0022DA61084BB9
:10C9A8001B69074A43F0010313617B687A881A8080
:10C9B80000BF0C37BD4680BC704700BFB0130020D5
:10C9C8000020024080B584B000AF7860FFF7FCFD1E
:10C9D800F86010E07B68B3F1FF3F0CD07B68002B58
:10C9E80007D0FFF7F1FD0246FB68D31A7A689A422E
:10C9F80001D2032325E0154BDB6803F00103002B6C
:10CA0800E8D1124BDB6803F02003002B02D00F4B58
:10CA18002022DA600D4BDB6803F01003002B0BD1EA
:10CA28000A4BDB6903F00103002B05D1074BDB68D8
:10CA380003F00403002B03D000F00AF8012300E000
:10CA4800002318461037BD4680BD00BF00200240B5
:10CA580080B483B000AF00237B60234BDB6803F016
:10CA68001003002B09D0214BDB6943F002031F4A56
:10CA7800D3617B6843F010037B601B4BDB6803F0DA
:10CA88000403002B09D0194BDB6943F00103174A53
:10CA9800D3617B6843F004037B60134BDB6903F0CD
:10CAA8000103002B0BD0114BDB6943F004030F4A41
:10CAB800D3610D4BDB690C4A23F00103D3617B681A
:10CAC80040F20112934206D1074BDB69064A23F074
:10CAD8000103D36102E0044A7B68D36000BF0C37CE
:10CAE800BD4680BC704700BF00200240B013002044
:10CAF80080B584B000AF786039600123FB730023F0
:10CB0800BB602F4B1B7E012B01D1022353E02C4B22
:10CB180001221A767B681B68022B16D14CF2503022
:10CB2800FFF750FF0346002B41D1012000F04CF8DD
:10CB38004CF25030FFF746FF0346FB73214B1B694D
:10CB4800204A23F00403136131E04CF25030FFF720
:10CB580039FF0346002B2AD13B684FF0FF321A6099
:10CB68007B689B68BB6019E0B86800F049F84CF234
:10CB78005030FFF727FF0346FB73124B1B69114A1E
:10CB880023F002031361FB7B002B03D03B68BA68D8
:10CB98001A600CE0BB6803F50063BB607B68DB6868
:10CBA800DA027B689B681344BA689A42DCD3044B68
:10CBB80000221A76FB7B18461037BD4680BD00BFA1
:10CBC800B01300200020024080B483B000AF78602A
:10CBD800094B0022DA61094B1B69084A43F0040338
:10CBE8001361064B1B69054A43F04003136100BFFC
:10CBF8000C37BD4680BC7047B013002000200240AF
:10CC080080B483B000AF78600B4B0022DA610B4B25
:10CC18001B690A4A43F002031361084A7B6853619F
:10CC2800064B1B69054A43F04003136100BF0C37EC
:10CC3800BD4680BC704700BFB013002000200240F2
:10CC480080B48BB000AF7860396000237B6200232A
:10CC58003B6279E101227B6A02FA03F3FB613B68DC
:10CC68001B68FA691340BB61BA69FB699A4240F0D4
:10CC780068813B685B68964A93425ED0944A9342C7
:10CC880075D8944A934258D0924A93426FD8924AA0
:10CC9800934252D0904A934269D8904A93424CD0DA
:10CCA8008E4A934263D88E4A934246D08C4A934226
:10CCB8005DD8122B2AD8122B59D801A252F823F08A
:10CCC80043CD00081DCD00082FCD000871CD000808
:10CCD80077CD000877CD000877CD000877CD00081C
:10CCE80077CD000877CD000877CD000877CD00080C
:10CCF80077CD000877CD000877CD000877CD0008FC
:10CD080077CD000825CD000839CD0008754A934233
:10CD180013D02CE03B68DB683B6229E03B68DB68AA
:10CD280004333B6224E03B68DB6808333B621FE066
:10CD38003B68DB680C333B621AE03B689B68002B5E
:10CD480002D104233B6213E03B689B68012B05D1A9
:10CD580008233B627B68FA691A6109E008233B6291
:10CD68007B68FA695A6103E000233B6200E000BF78
:10CD7800BB69FF2B01D87B6801E07B6804337B61CA
:10CD8800BB69FF2B02D87B6A9B0002E07B6A083BE9
:10CD98009B003B617B691A680F213B6901FA03F329
:10CDA800DB431A40396A3B6901FA03F31A437B698A
:10CDB8001A603B685B6803F08053002B00F0C18069
:10CDC800494B9B69484A43F001039361464B9B6971
:10CDD80003F00103BB60BB68444A7B6A9B080233CB
:10CDE80052F82330FB607B6A03F003039B000F2299
:10CDF80002FA03F3DB43FA681340FB607B683C4AA2
:10CE080093421FD07B683B4A934219D07B683A4AC9
:10CE1800934213D07B68394A93420DD07B68384AD5
:10CE2800934207D07B68374A934201D105230AE031
:10CE3800062308E0042306E0032304E0022302E0BB
:10CE4800012300E000237A6A02F003029200934073
:10CE5800FA681343FB6025497B6A9B080233FA682A
:10CE680041F823203B685B6803F48013002B06D04D
:10CE7800254B9A682449BB6913438B6006E0224B13
:10CE88009A68BB69DB43204913408B603B685B6849
:10CE980003F40013002B06D01B4BDA681A49BB6950
:10CEA8001343CB6006E0184BDA68BB69DB431649CD
:10CEB8001340CB603B685B6803F40033002B25D03C
:10CEC800114B5A681049BB6913434B6025E000BFFA
:10CED8000000321000003110000022100000211064
:10CEE8000000121000001110001002400000014064
:10CEF80000080140000C01400010014000140140EE
:10CF080000180140001C014000040140154B5A68FC
:10CF1800BB69DB43134913404B603B685B6803F410
:10CF28008033002B06D00F4B1A680E49BB69134398
:10CF38000B6006E00B4B1A68BB69DB4309491340D9
:10CF48000B607B6A01337B623B681A687B6A22FA52
:10CF580003F3002B7FF47EAE00BF00BF2C37BD4625
:10CF680080BC70470004014080B485B000AF786091
:10CF78000B467B807B689A687B881340002B02D025
:10CF88000123FB7301E00023FB73FB7B1846143776
:10CF9800BD4680BC704780B483B000AF78600B4654
:10CFA8007B8013467B707B78002B03D07A887B6864
:10CFB8001A6103E07B881A047B681A6100BF0C378A
:10CFC800BD4680BC704780B584B000AF78607B6890
:10CFD800002B01D10123E8E07B6893F89132DBB2A2
:10CFE800002B06D17B68002283F89022786806F02F
:10CFF800FBFA7B68032283F891227B6800225A712E
:10D008007B681B68184602F0F6F97B6818687B682D
:10D0180004330ECB02F0CCF90346002B05D07B6815
:10D02800022283F891220123BFE07B681B6800215C
:10D03800184602F0FAF90346002B05D07B68022255
:10D0480083F891220123B0E00023FB733EE0FA7BD2
:10D05800796813469B001344DB000B44113301220B
:10D068001A70FA7B796813469B001344DB000B4463
:10D078001033FA7B1A70FA7B796813469B001344C5
:10D08800DB000B44133300221A70FA7B79681346CD
:10D098009B001344DB000B44203300221A60FA7B08
:10D0A800796813469B001344DB000B4424330022A9
:10D0B8001A60FB7B79685A1C13469B001344DB00FB
:10D0C8000B4400221A60FB7B0133FB737B681B79DE
:10D0D800FA7B9A42BBD30023FB7344E0FA7B79685E
:10D0E80013469B001344DB000B4403F25113002248
:10D0F8001A70FA7B796813469B001344DB000B44D3
:10D1080003F5A873FA7B1A70FA7B796813469B00BB
:10D118001344DB000B4403F2531300221A70FA7B0A
:10D12800796813469B001344DB000B4403F5B07386
:10D1380000221A60FA7B796813469B001344DB00CF
:10D148000B4403F5B27300221A60FA7B7968134620
:10D158009B001344DB000B4403F5B47300221A60F0
:10D16800FB7B0133FB737B681B79FA7B9A42B5D34F
:10D178007B6818687B6804330ECB02F062F90346BB
:10D18800002B05D07B68022283F8912201230CE052
:10D198007B6800225A737B68012283F891227B689E
:10D1A8001B68184604F0E1FB002318461037BD46FB
:10D1B80080BD80B582B000AF78607B6893F890320C
:10D1C800012B01D1022316E07B68012283F890220B
:10D1D8007B681B68184602F0F8F80121786806F0A9
:10D1E80076FC7B681B68184604F0B5FB7B68002258
:10D1F80083F89022002318460837BD4680BD80B5C5
:10D2080088B000AF78607B681B68184604F0B7FBED
:10D21800B861BB6903F40043002B03D0786800F0C1
:10D228001AFB19E1BB6903F48063002B13D07B68F8
:10D238001B68B3F844309AB27B681B6822F480629A
:10D2480092B2A3F84420786806F049FA0021786879
:10D2580000F005F900E1BB6903F48043002B0CD012
:10D268007B681B68B3F844309AB27B681B6822F469
:10D27800804292B2A3F84420EEE0BB6903F4005365
:10D28800002B0CD07B681B68B3F844309AB27B68DB
:10D298001B6822F4005292B2A3F84420DCE0BB6978
:10D2A80003F48053002B27D07B681B68B3F8403009
:10D2B8009AB27B681B6822F0040292B2A3F840205D
:10D2C8007B681B68B3F840309AB27B681B6822F011
:10D2D800080292B2A3F84020786806F039FA7B6811
:10D2E8001B68B3F844309AB27B681B6822F48052FA
:10D2F80092B2A3F84420AFE0BB6903F40063002BAB
:10D3080000F083800023FB7710E07B681B681A46D7
:10D31800FB7F9B001A44FB7F128892B25B0020338C
:10D328003B4423F8182CFB7F0133FB77FB7F072B4B
:10D33800EBD97B681B68B3F840309AB27B681B68EE
:10D3480042F0010292B2A3F840207B681B68B3F850
:10D3580040309AB27B681B6822F0010292B2A3F8AF
:10D36800402000BF7B681B68B3F844309BB203F4CD
:10D378008063002BF6D07B681B68B3F844309AB200
:10D388007B681B6822F4806292B2A3F844200023D1
:10D39800FB770FE0FB7F7A6812681146FA7F9200EC
:10D3A8000A445B0020333B4433F8183C1380FB7F6E
:10D3B8000133FB77FB7F072BECD97B681B68B3F83D
:10D3C80040309AB27B681B6842F0080292B2A3F818
:10D3D80040207B681B68B3F844309AB27B681B68AE
:10D3E80022F4006292B2A3F844207B681B68B3F869
:10D3F80040309AB27B681B6842F0040292B2A3F8EC
:10D408004020786806F08AF926E0BB6903F40073C7
:10D41800002B0FD07B681B68B3F844309AB27B6846
:10D428001B6822F4007292B2A3F84420786806F0D0
:10D4380048F911E0BB6903F48073002B0CD07B68BA
:10D448001B68B3F844309AB27B681B6822F4807278
:10D4580092B2A3F8442000BF2037BD4680BD80B5F6
:10D4680082B000AF78600B46FB707B6893F890320F
:10D47800012B01D1022312E07B68012283F890225C
:10D488007B68FA785A737B681B68FA7811461846E5
:10D4980004F04EFA7B68002283F890220023184695
:10D4A8000837BD4680BD80B584B000AF78600846B7
:10D4B80011461A460346FB700B463B801346BB7069
:10D4C8000023FB7297F90330002B0EDAFB7803F088
:10D4D800070213469B001344DB0010337A68134499
:10D4E800FB60FB6801225A700EE0FB7803F007022C
:10D4F80013469B001344DB0003F5A8737A681344B2
:10D50800FB60FB6800225A70FB7803F00703DAB26D
:10D51800FB681A703A88FB681A61FB68BA78DA7097
:10D52800BB78022B02D1FB6800221A717B6893F842
:10D538009032012B01D102230EE07B68012283F88F
:10D5480090227B681B68F968184601F097FF7B6892
:10D55800002283F89022FB7A18461037BD4680BD1A
:10D5680080B584B000AF78600B46FB7097F9033044
:10D57800002B0EDAFB7803F0070213469B001344D6
:10D58800DB0010337A681344FB60FB6801225A7091
:10D598000EE0FB7803F0070213469B001344DB0000
:10D5A80003F5A8737A681344FB60FB6800225A707D
:10D5B800FB7803F00703DAB2FB681A707B6893F80C
:10D5C8009032012B01D102230EE07B68012283F8FF
:10D5D80090227B681B68F968184602F00FFB7B688D
:10D5E800002283F89022002318461037BD4680BDDC
:10D5F80080B586B000AFF8607A603B600B46FB727E
:10D60800FB7A03F0070213469B001344DB0003F583
:10D61800A873FA6813447B617B697A685A617B69ED
:10D628003A689A617B690022DA617B6900225A7044
:10D63800FB7A03F00703DAB27B691A70FB681B6890
:10D648007969184602F0C6FC002318461837BD460B
:10D6580080BD80B483B000AF78600B46FB70FB7868
:10D6680003F00702796813469B001344DB000B4460
:10D6780003F5B6731B6818460C37BD4680BC704767
:10D6880080B586B000AFF8607A603B600B46FB72ED
:10D69800FB7A03F0070213469B001344DB001033A8
:10D6A800FA6813447B617B697A685A617B693A68D6
:10D6B8009A617B69012283F824207B693A681A629F
:10D6C8007B690022DA617B6901225A70FB7A03F0D8
:10D6D8000703DAB27B691A70FB681B687969184618
:10D6E80002F078FC002318461837BD4680BD80B587
:10D6F80084B000AF78600B46FB70FB7803F007033B
:10D708007A681279934201D901234CE097F90330E2
:10D71800002B0EDAFB7803F0070213469B00134434
:10D72800DB0010337A681344FB60FB6801225A70EF
:10D738000CE0FA7813469B001344DB0003F5A8734A
:10D748007A681344FB60FB6800225A70FB68012268
:10D758009A70FB7803F00703DAB2FB681A707B68EB
:10D7680093F89032012B01D102231CE07B6801223F
:10D7780083F890227B681B68F968184603F0DBFF82
:10D78800FB7803F00703002B08D17B681A687B68D5
:10D7980003F526731946104604F000F97B68002249
:10D7A80083F89022002318461037BD4680BD80B507
:10D7B80084B000AF78600B46FB70FB7803F00F0372
:10D7C8007A681279934201D9012340E097F903302E
:10D7D800002B0EDAFB7803F0070213469B00134474
:10D7E800DB0010337A681344FB60FB6801225A702F
:10D7F8000EE0FB7803F0070213469B001344DB009E
:10D8080003F5A8737A681344FB60FB6800225A701A
:10D81800FB6800229A70FB7803F00703DAB2FB6812
:10D828001A707B6893F89032012B01D102230EE025
:10D838007B68012283F890227B681B68F968184688
:10D8480003F0C9FF7B68002283F890220023184662
:10D858001037BD4680BD80B596B000AF7860BBE399
:10D868007B681B68B3F84430A7F84E30B7F84E30E1
:10D87800DBB203F00F0387F84D3097F84D30002BDB
:10D8880040F07581B7F84E3003F01003002B4ED1ED
:10D898007B681B681B889BB223F4E14323F0700369
:10D8A800FB817B681A68FB896FEA43436FEA53433D
:10D8B8009BB213807B6810337B657B681B68B3F869
:10D8C80050309BB21A467B6D1B78DB001344023341
:10D8D8005B007A681268134403F580631B88C3F3FE
:10D8E80009027B6DDA617B6D5A697B6DDB691A44CD
:10D8F8007B6D5A610021786805F0C9FE7B685B7B07
:10D90800DBB2002B00F068837B6D9B69002B40F035
:10D9180063837B685B7BDBB263F07F03DAB27B688F
:10D928001B68A3F84C207B6800225A7354E37B6879
:10D9380003F5A8737B657B681B681B88A7F84A30CA
:10D94800B7F84A3003F40063002B34D07B681B68B7
:10D95800B3F850309BB21A467B6D1B78DB0013443A
:10D9680006335B007A681268134403F580631B88EA
:10D97800C3F309027B6DDA617B6818687B6803F57D
:10D9880026717B6DDA887B6DDB699BB204F057F8F2
:10D998007B681B681B889AB240F68F7313403B82E2
:10D9A8007B681B683A8A42F0800292B21A807868D3
:10D9B80005F040FE10E3B7F94A30002B80F20C83E3
:10D9C8007B681B681B889AB240F68F731340FB83F1
:10D9D8007B681B68FA8B42F0800292B21A807B68DF
:10D9E8001B68B3F850309BB21A467B6D1B78DB007E
:10D9F800134406335B007A681268134403F58063A6
:10DA08001B88C3F309027B6DDA617B6DDB69002B30
:10DA180019D07B6D5B69002B15D07B6818687B6D0E
:10DA280059697B6DDA887B6DDB699BB204F007F876
:10DA38007B6D5A697B6DDB691A447B6D5A610021E5
:10DA4800786805F009FE7B681B681B88A7F84A30D0
:10DA5800B7F84A3003F40063002B40F0BD82B7F8F2
:10DA68004A3003F44053B3F5405F00F0B5827B6859
:10DA78001B68BB617B681B68B3F850309BB21A46C1
:10DA8800BB691344BB61BB6903F20C437B617B69CF
:10DA98001B889BB2C3F309039AB27B691A807B6D1A
:10DAA8001B693E2B1DD97B6D1B695B097B647B6DF4
:10DAB8001B6903F01F03002B02D17B6C013B7B64C5
:10DAC8007B691B889AB27B6C9BB29B029BB2134307
:10DAD8009BB26FEA43436FEA53439AB27B691A8059
:10DAE80026E07B6D1B69002B0AD17B691B889BB2E2
:10DAF8006FEA43436FEA53439AB27B691A8017E08F
:10DB08007B6D1B695B087B647B6D1B6903F00103FC
:10DB1800002B02D07B6C01337B647B691B889AB233
:10DB28007B6C9BB29B029BB213439AB27B691A80AF
:10DB38007B681B681B889BB223F4804323F0700327
:10DB48007B827B8A83F480537B827B8A83F40053B5
:10DB58007B827B681A687B8A43F07F4343F47F03A8
:10DB680043F4004343F080039BB2138034E27B68A4
:10DB78001B681A4697F84D309B0013441B88A7F87A
:10DB88004A30B7F94A30002B80F2FC807B681B686A
:10DB98001A4697F84D309B0013441B889AB240F6FA
:10DBA8008F731340A7F848307B681B681A4697F8AC
:10DBB8004D309B001344B7F8482042F0800292B2DF
:10DBC8001A8097F84D2013469B001344DB0003F599
:10DBD800A8737A6813447B657B6D1B7B002B25D16A
:10DBE8007B681B68B3F850309BB21A467B6D1B7874
:10DBF800DB00134406335B007A681268134403F5AC
:10DC080080631B88C3F30903A7F85030B7F8503076
:10DC1800002B00F092807B6818687B6D59697B6DDA
:10DC2800DA88B7F8503003F00AFF86E07B6DDB78BE
:10DC3800022B0AD1B7F84A301A46796D786800F095
:10DC4800D9F90346A7F8503077E07B681B681A4675
:10DC58007B6D1B789B0013441B889BB223F4E04325
:10DC680023F07003A7F852307B681B681A467B6D57
:10DC78001B789B001A44B7F8523043F07F4343F4B3
:10DC88007F0343F4004343F0C0039BB213807B68D7
:10DC98001B681A467B6D1B789B0013441B889BB23C
:10DCA80003F48043002B24D07B681B68B3F8503002
:10DCB8009BB21A467B6D1B78DB00134402335B0072
:10DCC8007A681268134403F580631B88C3F3090359
:10DCD800A7F85030B7F85030002B2ED07B68186862
:10DCE8007B6D59697B6D1A89B7F8503003F0A7FE30
:10DCF80023E07B681B68B3F850309BB21A467B6DF3
:10DD08001B78DB00134406335B007A6812681344FF
:10DD180003F580631B88C3F30903A7F85030B7F8ED
:10DD28005030002B09D07B6818687B6D59697B6D72
:10DD38005A89B7F8503003F082FE7B6DDA69B7F87C
:10DD480050301A447B6DDA617B6D5A69B7F85030F0
:10DD58001A447B6D5A617B6D9B69002B05D0B7F81F
:10DD680050207B6D1B699A4206D27B6D1B78194641
:10DD7800786805F071FC05E07B681B68796D1846CA
:10DD880002F028F9B7F84A3003F08003002B00F0BE
:10DD9800238197F84D2013469B001344DB00103372
:10DDA8007A6813447B657B681B681A4697F84D3080
:10DDB8009B0013441B889BB223F4E14323F07003B8
:10DDC800A7F842307B681B681A4697F84D309B00CD
:10DDD8001A44B7F842306FEA43436FEA53439BB2A1
:10DDE80013807B6DDB78012B40F0A2807B6D0022D5
:10DDF8009A617B6D1B7B002B00F09380B7F84A304B
:10DE080003F04003002B46D07B6D5B78002B26D1B6
:10DE18007B681B687B627B681B68B3F850309BB2D9
:10DE28001A467B6A13447B627B6D1B781A017B6AF6
:10DE3800134403F204433B623B6A1B889BB2C3F35F
:10DE480009039AB23B6A1A803B6A1B889BB26FEA45
:10DE580043436FEA53439AB23B6A1A8061E07B6D91
:10DE68005B78012B5DD17B681B68FB627B681B6854
:10DE7800B3F850309BB21A46FB6A1344FB627B6DC1
:10DE88001B781A01FB6A134403F20443BB62BB6AA2
:10DE980000221A8045E07B681B68FB637B6D5B781A
:10DEA800002B26D17B681B687B637B681B68B3F8F3
:10DEB80050309BB21A467B6B13447B637B6D1B7897
:10DEC8001A017B6B134403F20C433B633B6B1B88C7
:10DED8009BB2C3F309039AB23B6B1A803B6B1B8856
:10DEE8009BB26FEA43436FEA53439AB23B6B1A8083
:10DEF80017E07B6D5B78012B13D17B681B68B3F847
:10DF080050309BB21A46FB6B1344FB637B6D1B7846
:10DF18001A01FB6B134403F20C43BB63BB6B002277
:10DF28001A807B6D1B781946786805F0B0FB53E0C2
:10DF3800B7F84A3003F48073002B46D17B681B681E
:10DF4800B3F850309BB21A467B6D1B78DB00134444
:10DF580002335B007A681268134403F580631B88F8
:10DF6800C3F30903A7F840307B6D9A69B7F84030CE
:10DF78009A4207D97B6D9A69B7F84030D21A7B6DFF
:10DF88009A6102E07B6D00229A617B6D9B69002B90
:10DF980006D17B6D1B781946786805F078FB1BE085
:10DFA8007B6D5A69B7F840301A447B6D5A617B6DB6
:10DFB800DA69B7F840301A447B6DDA617B681B6810
:10DFC800796D184602F006F806E0B7F84A301A46A6
:10DFD800796D786800F01BF97B681B68B3F84430EA
:10DFE8009BB21BB2002BFFF63BAC002318465837F8
:10DFF800BD4680BD80B588B000AFF860B9601346F3
:10E00800FB80FB8803F48043002B7ED0FB681B68F1
:10E01800B3F850309BB21A46BB681B78DB00134438
:10E0280002335B00FA681268134403F580631B88A7
:10E03800C3F309037B83BB689A697B8B9A4206D337
:10E04800BB689A697B8BD21ABB689A6102E0BB688D
:10E0580000229A61BB689B69002B23D1FB681B686F
:10E068001A46BB681B789B0013441B889BB223F499
:10E07800804323F070033B833B8B83F400533B8343
:10E08800FB681B681A46BB681B789B001A443B8BCD
:10E0980043F07F4343F47F0343F4004343F080039A
:10E0A8009BB21380FB8803F04003002B1FD0FB6852
:10E0B8001B681A46BB681B789B0013441B889BB2DD
:10E0C80023F4E04323F07003FB82FB681B681A46C5
:10E0D800BB681B789B001A44FB8A43F07F4343F4D8
:10E0E8007F0343F4004343F0C0039BB213807B8B50
:10E0F800002B00F08780FB681868BB685969BB680B
:10E108001A897B8B03F09BFC7CE0FB681B68B3F8E7
:10E1180050309BB21A46BB681B78DB0013440633A9
:10E128005B00FA681268134403F580631B88C3F325
:10E1380009037B83BB689A697B8B9A4206D3BB68C9
:10E148009A697B8BD21ABB689A6102E0BB6800228D
:10E158009A61BB689B69002B23D1FB681B681A4630
:10E16800BB681B789B0013441B889BB223F4804335
:10E1780023F07003FB83FB8B83F40053FB83FB6862
:10E188001B681A46BB681B789B001A44FB8B43F03C
:10E198007F4343F47F0343F4004343F080039BB27F
:10E1A8001380FB8803F04003002B1FD1FB681B681A
:10E1B8001A46BB681B789B0013441B889BB223F448
:10E1C800E04323F07003BB83FB681B681A46BB68F7
:10E1D8001B789B001A44BB8B43F07F4343F47F03B7
:10E1E80043F4004343F0C0039BB213807B8B002BA6
:10E1F80008D0FB681868BB685969BB685A897B8B6B
:10E2080003F01DFC7B8B18462037BD4680BD80B5CA
:10E21800A4B000AFF860B9601346FB80FB8803F038
:10E228004003002B00F0DD81FB681B68B3F8503019
:10E238009BB21A46BB681B78DB00134402335B00B1
:10E24800FA681268134403F580631B88C3F3090353
:10E25800A7F88630BB689A69B7F886309A4207D91A
:10E26800BB689A69B7F88630D21ABB689A6102E02F
:10E27800BB6800229A61BB689B69002B40F0B9809B
:10E28800BB685B78002B26D1FB681B68FB62FB68C8
:10E298001B68B3F850309BB21A46FB6A1344FB6202
:10E2A800BB681B781A01FB6A134403F20443BB6280
:10E2B800BB6A1B889BB2C3F309039AB2BB6A1A8074
:10E2C800BB6A1B889BB26FEA43436FEA53439AB217
:10E2D800BB6A1A801AE0BB685B78012B16D1FB6811
:10E2E8001B687B63FB681B68B3F850309BB21A4607
:10E2F8007B6B13447B63BB681B781A017B6B1344ED
:10E3080003F204433B633B6B00221A80FB681B68E3
:10E318007B62BB685B78002B26D1FB681B68FB61BE
:10E32800FB681B68B3F850309BB21A46FB6913446C
:10E33800FB61BB681B781A01FB69134403F20C43A9
:10E34800BB61BB691B889BB2C3F309039AB2BB6963
:10E358001A80BB691B889BB26FEA43436FEA534339
:10E368009AB2BB691A8017E0BB685B78012B13D19E
:10E37800FB681B68B3F850309BB21A467B6A13449B
:10E388007B62BB681B781A017B6A134403F20C4357
:10E398003B623B6A00221A80BB681B781946F86802
:10E3A80005F075F9FB8803F48043002B00F0FC822C
:10E3B800FB681B681A46BB681B789B0013441B88C4
:10E3C8009BB223F4E04323F07003FB82FB681B68D5
:10E3D8001A46BB681B789B001A44FB8A43F07F43AC
:10E3E80043F47F0343F4404343F080039BB213801C
:10E3F800DAE2FB8803F48043002B21D0FB681B681A
:10E408001A46BB681B789B0013441B889BB223F4F5
:10E41800E04323F07003A7F88A30FB681B681A46AC
:10E42800BB681B789B001A44B7F88A3043F07F43D7
:10E4380043F47F0343F4404343F080039BB21380CB
:10E44800BB6893F82430012B40F0AE82BB685A6950
:10E45800B7F886301A44BB685A61BB68DA69B7F8FE
:10E4680086301A44BB68DA61BB681A6ABB681B69E4
:10E478009A420BD3BB681B69C7F88C30BB681A6A11
:10E48800D7F88C30D21ABB681A6217E0BB681B6ACF
:10E49800002B08D1B7F88630C7F88C30BB6800224B
:10E4A80083F824200AE0BB68002283F82420BB6894
:10E4B8001B6AC7F88C30BB6800221A62BB685B789D
:10E4C800002B65D1FB681B68FB63FB681B68B3F80E
:10E4D80050309BB21A46FB6B1344FB63BB681B7836
:10E4E8001A01FB6B134403F20443BB63BB6B1B8829
:10E4F8009BB2C3F309039AB2BB6B1A80D7F88C306E
:10E508003E2B1DD9D7F88C305B09BB64D7F88C300B
:10E5180003F01F03002B02D1BB6C013BBB64BB6B38
:10E528001B889AB2BB6C9BB29B029BB213439BB2F3
:10E538006FEA43436FEA53439AB2BB6B1A8044E0D5
:10E54800D7F88C30002B0AD1BB6B1B889BB26FEAC3
:10E5580043436FEA53439AB2BB6B1A8035E0D7F84E
:10E568008C305B08BB64D7F88C3003F00103002BB8
:10E5780002D0BB6C0133BB64BB6B1B889AB2BB6C0B
:10E588009BB29B029BB213439AB2BB6B1A801CE0EE
:10E59800BB685B78012B18D1FB681B687B64FB6840
:10E5A8001B68B3F850309BB21A467B6C13447B64EB
:10E5B800BB681B781A017B6C134403F204433B6469
:10E5C800D7F88C309AB23B6C1A80FB681868BB6825
:10E5D8005969BB681A89D7F88C309BB203F0E9F9FE
:10E5E800E2E1FB681B68B3F850309BB21A46BB687F
:10E5F8001B78DB00134406335B00FA681268134487
:10E6080003F580631B88C3F30903A7F88630BB684A
:10E618009A69B7F886309A4207D3BB689A69B7F8FF
:10E628008630D21ABB689A6102E0BB6800229A6100
:10E63800BB689B69002B40F0C080BB685B78002BEF
:10E6480026D1FB681B68FB67FB681B68B3F8503072
:10E658009BB21A46FB6F1344FB67BB681B781A0111
:10E66800FB6F134403F20443BB67BB6F1B889BB269
:10E67800C3F309039AB2BB6F1A80BB6F1B889BB2A6
:10E688006FEA43436FEA53439AB2BB6F1A801AE0AA
:10E69800BB685B78012B16D1FB681B687B66FB683F
:10E6A8001B68B3F850309BB21A467B6E13447B66E6
:10E6B800BB681B781A017B6E134403F204433B6664
:10E6C8003B6E00221A80FB681B687B67BB685B781F
:10E6D800002B2BD1FB681B68FB66FB681B68B3F833
:10E6E80050309BB21A46FB6E1344FB66BB681B781E
:10E6F8001A01FB6E134403F20C43C7F88030D7F8B5
:10E7080080301B889BB2C3F309039AB2D7F88030D4
:10E718001A80D7F880301B889BB26FEA43436FEAB0
:10E7280053439AB2D7F880301A8017E0BB685B78F9
:10E73800012B13D1FB681B68B3F850309BB21A4603
:10E748007B6F13447B67BB681B781A017B6F13448C
:10E7580003F20C433B673B6F00221A80BB681B78AF
:10E768001946F86804F093FFFB8803F48043002BF4
:10E7780040F01A81FB681B681A46BB681B789B002F
:10E7880013441B889BB223F4E04323F07003A7F8DB
:10E798008830FB681B681A46BB681B789B001A44C4
:10E7A800B7F8883043F07F4343F47F0343F4404392
:10E7B80043F080039BB21380F6E0FB8803F48043A8
:10E7C800002B21D1FB681B681A46BB681B789B008D
:10E7D80013441B889BB223F4E04323F07003A7F88B
:10E7E8004E30FB681B681A46BB681B789B001A44AE
:10E7F800B7F84E3043F07F4343F47F0343F440437C
:10E8080043F080039BB21380BB6893F82430012B3C
:10E8180040F0CA80BB685A69B7F886301A44BB68AA
:10E828005A61BB68DA69B7F886301A44BB68DA619E
:10E83800BB681A6ABB681B699A420BD3BB681B6921
:10E84800C7F88C30BB681A6AD7F88C30D21ABB6804
:10E858001A6217E0BB681B6A002B08D1B7F886302C
:10E86800C7F88C30BB68002283F824200AE0BB6814
:10E878001B6AC7F88C30BB6800221A62BB6800228A
:10E8880083F82420FB681B687B65BB685B78002BDA
:10E8980065D1FB681B68FB65FB681B68B3F85030E3
:10E8A8009BB21A46FB6D1344FB65BB681B781A01C3
:10E8B800FB6D134403F20C43BB65BB6D1B889BB215
:10E8C800C3F309039AB2BB6D1A80D7F88C303E2B7C
:10E8D8001DD9D7F88C305B09BB66D7F88C3003F0AC
:10E8E8001F03002B02D1BB6E013BBB66BB6D1B88AF
:10E8F8009AB2BB6E9BB29B029BB213439BB26FEA68
:10E9080043436FEA53439AB2BB6D1A8041E0D7F88C
:10E918008C30002B0AD1BB6D1B889BB26FEA434336
:10E928006FEA53439AB2BB6D1A8032E0D7F88C3045
:10E938005B08BB66D7F88C3003F00103002B02D0CC
:10E94800BB6E0133BB66BB6D1B889AB2BB6E9BB2B4
:10E958009B029BB213439AB2BB6D1A8019E0BB6845
:10E968005B78012B15D1FB681B68B3F850309BB25C
:10E978001A467B6D13447B65BB681B781A017B6D57
:10E98800134403F20C433B65D7F88C309AB23B6DC5
:10E998001A80FB681868BB685969BB685A89D7F838
:10E9A8008C309BB203F005F8FB681B681A46BB68FD
:10E9B8001B789B0013441B889BB223F4E04323F08D
:10E9C8004003BB82BB8A83F01003BB82BB8A83F0FF
:10E9D8002003BB82FB681B681A46BB681B789B0038
:10E9E8001A44BB8A43F07F4343F47F0343F4004354
:10E9F80043F080039BB21380002318469037BD462E
:10EA080080BD80B487B000AFF8607B600B467B8127
:10EA180013463B817B8903F080039BB2002B0BD00C
:10EA28007B8903F0070213469B001344DB00103375
:10EA3800FA6813447B6109E07A8913469B00134402
:10EA4800DB0003F5A873FA6813447B613B89002B4C
:10EA580007D17B6900221A737B689AB27B69DA80D6
:10EA68000BE07B6901221A737B689AB27B691A8171
:10EA78007B681B0C9AB27B695A81002318461C37A5
:10EA8800BD4680BC7047000080B586B000AF786096
:10EA98007B68002B01D1012372E27B681B6803F0BD
:10EAA8000103002B00F08780924B5B6803F00C0396
:10EAB800042B0CD08F4B5B6803F00C03082B12D18E
:10EAC8008C4B5B6803F48033B3F5803F0BD1894BE3
:10EAD8001B6803F40033002B6CD07B685B68002B49
:10EAE80068D101234CE27B685B68B3F5803F06D1AF
:10EAF800804B1B687F4A43F4803313602EE07B68A9
:10EB08005B68002B0CD17B4B1B687A4A23F480335B
:10EB18001360784B1B68774A23F4802313601DE049
:10EB28007B685B68B3F5A02F0CD1724B1B68714AE8
:10EB380043F4802313606F4B1B686E4A43F48033A1
:10EB480013600BE06B4B1B686A4A23F48033136035
:10EB5800684B1B68674A23F4802313607B685B68F3
:10EB6800002B13D0FDF730FD386108E0FDF72CFDD0
:10EB780002463B69D31A642B01D9032300E25D4B9B
:10EB88001B6803F40033002BF0D014E0FDF71CFDE4
:10EB9800386108E0FDF718FD02463B69D31A642B7B
:10EBA80001D90323ECE1534B1B6803F40033002B1A
:10EBB800F0D100E000BF7B681B6803F00203002B64
:10EBC80063D04C4B5B6803F00C03002B0BD0494B14
:10EBD8005B6803F00C03082B1CD1464B5B6803F4FD
:10EBE8008033002B16D1434B1B6803F00203002B24
:10EBF80005D07B681B69012B01D00123C0E13D4B87
:10EC08001B6823F0F8027B685B69DB003949134312
:10EC18000B603AE07B681B69002B20D0364B012241
:10EC28001A60FDF7D1FC386108E0FDF7CDFC02461B
:10EC38003B69D31A022B01D90323A1E12D4B1B6891
:10EC480003F00203002BF0D02A4B1B6823F0F802D4
:10EC58007B685B69DB00274913430B6015E0264B93
:10EC680000221A60FDF7B0FC386108E0FDF7ACFC43
:10EC780002463B69D31A022B01D9032380E11D4BBD
:10EC88001B6803F00203002BF0D17B681B6803F0BC
:10EC98000803002B3AD07B689B69002B19D0174BCF
:10ECA80001221A60FDF790FC386108E0FDF78CFC42
:10ECB80002463B69D31A022B01D9032360E10D4BAD
:10ECC8005B6A03F00203002BF0D0012000F09CFAED
:10ECD8001CE00A4B00221A60FDF776FC38610FE051
:10ECE800FDF772FC02463B69D31A022B08D90323AD
:10ECF80046E100BF00100240000042428004424248
:10ED0800924B5B6A03F00203002BE9D17B681B6816
:10ED180003F00403002B00F0A6800023FB758B4B47
:10ED2800DB6903F08053002B0DD1884BDB69874AE0
:10ED380043F08053D361854BDB6903F08053BB609C
:10ED4800BB680123FB75824B1B6803F48073002B9F
:10ED580018D17F4B1B687E4A43F480731360FDF71C
:10ED680033FC386108E0FDF72FFC02463B69D31AF3
:10ED7800642B01D9032303E1754B1B6803F48073EB
:10ED8800002BF0D07B68DB68012B06D16F4B1B6A28
:10ED98006E4A43F0010313622DE07B68DB68002BA9
:10EDA8000CD16A4B1B6A694A23F001031362674B53
:10EDB8001B6A664A23F0040313621CE07B68DB6865
:10EDC800052B0CD1614B1B6A604A43F004031362A4
:10EDD8005E4B1B6A5D4A43F0010313620BE05B4B19
:10EDE8001B6A5A4A23F001031362584B1B6A574A9D
:10EDF80023F0040313627B68DB68002B15D0FDF752
:10EE0800E3FB38610AE0FDF7DFFB02463B69D31AF2
:10EE180041F28832934201D90323B1E04B4B1B6A7C
:10EE280003F00203002BEED014E0FDF7CDFB3861B0
:10EE38000AE0FDF7C9FB02463B69D31A41F2883262
:10EE4800934201D903239BE0404B1B6A03F0020362
:10EE5800002BEED1FB7D012B05D13C4BDB693B4AF6
:10EE680023F08053D3617B68DB69002B00F0878037
:10EE7800364B5B6803F00C03082B61D07B68DB69B9
:10EE8800022B46D1334B00221A60FDF79DFB3861F7
:10EE980008E0FDF799FB02463B69D31A022B01D91A
:10EEA80003236DE0294B1B6803F00073002BF0D19E
:10EEB8007B681B6AB3F5803F08D1244B5B6823F459
:10EEC80000327B689B68214913434B601F4B5B688A
:10EED80023F474127B68196A7B685B6A0B431B49CD
:10EEE80013434B601B4B01221A60FDF76DFB386121
:10EEF80008E0FDF769FB02463B69D31A022B01D9EA
:10EF080003233DE0114B1B6803F00073002BF0D086
:10EF180035E0104B00221A60FDF756FB386108E017
:10EF2800FDF752FB02463B69D31A022B01D9032392
:10EF380026E0064B1B6803F00073002BF0D11EE09F
:10EF48007B68DB69012B07D1012319E0001002401F
:10EF580000700040600042420B4B5B68FB60FB683E
:10EF680003F480327B681B6A9A4206D1FB6803F47B
:10EF780070127B685B6A9A4201D0012300E000238B
:10EF880018461837BD4680BD0010024080B584B0D1
:10EF980000AF786039607B68002B01D10123D0E095
:10EFA8006A4B1B6803F007033A689A4210D9674B0B
:10EFB8001B6823F0070265493B6813430B60634BEA
:10EFC8001B6803F007033A689A4201D00123B8E0AE
:10EFD8007B681B6803F00203002B20D07B681B684A
:10EFE80003F00403002B05D0594B5B68584A43F4DF
:10EFF800E06353607B681B6803F00803002B05D0AF
:10F00800534B5B68524A43F460535360504B5B6800
:10F0180023F0F0027B689B684D4913434B607B6883
:10F028001B6803F00103002B40D07B685B68012B51
:10F0380007D1474B1B6803F40033002B15D101237C
:10F048007FE07B685B68022B07D1414B1B6803F0AC
:10F058000073002B09D1012373E03D4B1B6803F0BB
:10F068000203002B01D101236BE0394B5B6823F0CD
:10F0780003027B685B68364913434B60FDF7A4FACB
:10F08800F8600AE0FDF7A0FA0246FB68D31A41F2DD
:10F098008832934201D9032353E02D4B5B6803F078
:10F0A8000C027B685B689B009A42EBD1274B1B687C
:10F0B80003F007033A689A4210D2244B1B6823F0E6
:10F0C800070222493B6813430B60204B1B6803F07F
:10F0D80007033A689A4201D0012332E07B681B6833
:10F0E80003F00403002B08D0194B5B6823F4E0629B
:10F0F8007B68DB68164913434B607B681B6803F029
:10F108000803002B09D0124B5B6823F460527B681C
:10F118001B69DB000E4913434B6000F021F80246DF
:10F128000B4B5B681B0903F00F030A49CB5C22FAFF
:10F1380003F3094A1360094B1B681846FDF702FAE6
:10F14800002318461037BD4680BD00BF002002408E
:10F1580000100240A0700108540000205800002050
:10F1680080B487B000AF0023FB600023BB6000239E
:10F178007B6100237B6000233B611E4B5B68FB6067
:10F18800FB6803F00C03042B02D0082B03D027E004
:10F19800194B3B6127E0FB689B0C03F00F03174AF0
:10F1A800D35C7B60FB6803F48033002B10D0114BD9
:10F1B8005B685B0C03F00103114AD35CBB607B689E
:10F1C8000D4A03FB02F2BB68B2FBF3F37B6104E078
:10F1D8007B680C4A02FB03F37B617B693B6102E0BD
:10F1E800054B3B6100BF3B6918461C37BD4680BCD8
:10F1F800704700BF0010024000127A00B07001088A
:10F20800C070010800093D0080B485B000AF786087
:10F218000A4B1B680A4AA2FB03235B0A7A6802FBB3
:10F2280003F3FB6000BFFB685A1EFA60002BF9D19C
:10F2380000BF00BF1437BD4680BC70475400002093
:10F24800D34D621080B586B000AF786000233B6173
:10F258000023FB607B681B6803F00103002B7DD053
:10F268000023FB754F4BDB6903F08053002B0DD156
:10F278004C4BDB694B4A43F08053D361494BDB6904
:10F2880003F08053BB60BB680123FB75464B1B68CA
:10F2980003F48073002B18D1434B1B68424A43F494
:10F2A80080731360FDF790F9386108E0FDF78CF979
:10F2B80002463B69D31A642B01D903236DE03A4B0C
:10F2C8001B6803F48073002BF0D0364B1B6A03F4E1
:10F2D8004073FB60FB68002B2ED07B685B6803F4EF
:10F2E8004073FA689A4227D02E4B1B6A23F4407366
:10F2F800FB602E4B01221A602C4B00221A60294A0F
:10F30800FB681362FB6803F00103002B14D0FDF7C0
:10F318005BF938610AE0FDF757F902463B69D31AF1
:10F3280041F28832934201D9032336E01D4B1B6A10
:10F3380003F00203002BEED01A4B1B6A23F4407231
:10F348007B685B68174913430B62FB7D012B05D172
:10F35800144BDB69134A23F08053D3617B681B6825
:10F3680003F00203002B08D00E4B5B6823F44042E5
:10F378007B689B680B4913434B607B681B6803F0F1
:10F388001003002B08D0074B5B6823F480027B68CE
:10F398005B69044913434B60002318461837BD4680
:10F3A80080BD00BF0010024000700040400442428F
:10F3B80080B485B000AFF860384680E80E000023BE
:10F3C80018461437BD4680BC704780B485B000AF7E
:10F3D80078607B680022A3F844204FF43F43FB6029
:10F3E800FB689AB27B68A3F84020002318461437BC
:10F3F800BD4680BC704780B485B000AF78604FF4DC
:10F408003F43FB607B68B3F840309AB2FB689BB21D
:10F41800DB439BB213409AB27B68A3F840200023D9
:10F4280018461437BD4680BC704780B483B000AF1F
:10F4380078600B46FB70002318460C37BD4680BC2D
:10F44800704780B485B000AFF860384680E80E0099
:10F45800FB680122A3F84020FB680022A3F84020A3
:10F46800FB680022A3F84420FB680022A3F8502080
:10F47800002318461437BD4680BC704780B49DB041
:10F4880000AF78603960002387F86F307A683B688E
:10F498001B789B0013441B889BB223F4EC4323F096
:10F4A8007003A7F86C303B68DB78032B1FD801A2E8
:10F4B80052F823F0CDF40008E9F40008FFF400083E
:10F4C800DBF40008B7F86C3043F40073A7F86C302D
:10F4D80012E0B7F86C3043F4C063A7F86C300BE067
:10F4E800B7F86C3043F48063A7F86C3004E001236C
:10F4F80087F86F3000E000BF7A683B681B789B0094
:10F508001A44B7F86C3043F07F4343F47F0343F465
:10F51800004343F080039BB213807A683B681B78F2
:10F528009B0013441B889BB223F4E04323F0700331
:10F538009BB23A6812781343A7F866307A683B683A
:10F548001B789B001A44B7F8663043F07F4343F4B6
:10F558007F0343F4004343F080039BB213803B686E
:10F568001B7B002B40F078813B685B78002B00F018
:10F5780084807B68BB617B68B3F850309BB21A46C5
:10F58800BB691344BB613B681B781A01BB69134410
:10F5980003F580637B613B68DB885B089BB25B009B
:10F5A8009AB27B691A807A683B681B789B0013447F
:10F5B8001B887B827B8A03F04003002B1BD07A6870
:10F5C8003B681B789B0013441B889BB223F4E043E1
:10F5D80023F070033B827A683B681B789B001A44CF
:10F5E8003B8A43F07F4343F47F0343F4004343F0F3
:10F5F800C0039BB213803B68DB78012B20D07A686C
:10F608003B681B789B0013441B889BB223F4E043A0
:10F6180023F04003BB81BB8983F02003BB817A6858
:10F628003B681B789B001A44BB8943F07F4343F433
:10F638007F0343F4004343F080039BB21380D5E279
:10F648007A683B681B789B0013441B889BB223F4A1
:10F65800E04323F04003FB817A683B681B789B00FA
:10F668001A44FB8943F07F4343F47F0343F4004388
:10F6780043F080039BB21380B8E27B683B637B68EE
:10F68800B3F850309BB21A463B6B13443B633B685C
:10F698001B781A013B6B134403F58163FB623B68DB
:10F6A800DB885B089BB25B009AB2FB6A1A807B68B6
:10F6B800BB627B68B3F850309BB21A46BB6A1344EE
:10F6C800BB623B681B781A01BB6A134403F20C4304
:10F6D8007B627B6A1B889BB2C3F309039AB27B6A7D
:10F6E8001A803B681B693E2B1DD93B681B695B0967
:10F6F800BB663B681B6903F01F03002B02D1BB6E7E
:10F70800013BBB667B6A1B889AB2BB6E9BB29B02AD
:10F718009BB213439BB26FEA43436FEA53439AB2D7
:10F728007B6A1A8026E03B681B69002B0AD17B6A3A
:10F738001B889BB26FEA43436FEA53439AB27B6AD2
:10F748001A8017E03B681B695B08BB663B681B694E
:10F7580003F00103002B02D0BB6E0133BB667B6A4A
:10F768001B889AB2BB6E9BB29B029BB213439AB2A0
:10F778007B6A1A807A683B681B789B0013441B8855
:10F788007B847B8C03F48043002B1BD07A683B6816
:10F798001B789B0013441B889BB223F4E04323F09F
:10F7A80070033B847A683B681B789B001A443B8C47
:10F7B80043F07F4343F47F0343F4404343F0800323
:10F7C8009BB213803B681B78002B24D17A683B6876
:10F7D8001B789B0013441B889BB223F4804323F0BF
:10F7E8007003BB83BB8B83F48053BB83BB8B83F4D5
:10F7F8000053BB837A683B681B789B001A44BB8B19
:10F8080043F07F4343F47F0343F4004343F0800312
:10F818009BB21380EAE17A683B681B789B0013442B
:10F828001B889BB223F4804323F07003FB83FB8B7C
:10F8380083F40053FB837A683B681B789B001A4467
:10F84800FB8B43F07F4343F47F0343F4004343F0CF
:10F8580080039BB21380C9E13B68DB78022B1ED181
:10F868007A683B681B789B0013441B889BB223F47F
:10F87800E04323F07003A7F862307A683B681B788E
:10F888009B001A44B7F8623043F07F4343F47F0388
:10F8980043F4014343F080039BB213801DE07A6870
:10F8A8003B681B789B0013441B889BB223F4E243FC
:10F8B80023F07003A7F864307A683B681B789B00D4
:10F8C8001A44B7F8643043F07F4343F47F0343F4AA
:10F8D800004343F080039BB213807B68FB657B6821
:10F8E800B3F850309BB21A46FB6D1344FB653B6876
:10F8F8001B781A01FB6D134403F58063BB653B68F5
:10F908001B895B089BB25B009AB2BB6D1A807B684F
:10F918007B657B68B3F850309BB21A467B6D134405
:10F928007B653B681B781A017B6D134403F5816383
:10F938003B653B685B895B089BB25B009AB23B6D99
:10F948001A803B685B78002B40F093807A683B68AC
:10F958001B789B0013441B88A7F84030B7F8403049
:10F9680003F48043002B1BD07A683B681B789B000C
:10F9780013441B889BB223F4E04323F07003FB87F6
:10F988007A683B681B789B001A44FB8F43F07F43DF
:10F9980043F47F0343F4404343F080039BB2138056
:10F9A8007A683B681B789B0013441B88BB87BB8F16
:10F9B80003F04003002B1BD07A683B681B789B0040
:10F9C80013441B889BB223F4E04323F070037B8726
:10F9D8007A683B681B789B001A447B8F43F07F430F
:10F9E80043F47F0343F4004343F0C0039BB2138006
:10F9F8007A683B681B789B0013441B889BB223F4EE
:10FA0800804323F070033B873B8F83F480533B870D
:10FA18003B8F83F400533B877A683B681B789B00D5
:10FA28001A443B8F43F07F4343F47F0343F400437E
:10FA380043F080039BB213807A683B681B789B0075
:10FA480013441B889BB223F4E04323F04003FB8656
:10FA58007A683B681B789B001A44FB8E43F07F430F
:10FA680043F47F0343F4004343F080039BB21380C5
:10FA7800BCE07A683B681B789B0013441B88A7F896
:10FA88004E30B7F84E3003F48043002B1DD07A680F
:10FA98003B681B789B0013441B889BB223F4E0430C
:10FAA80023F07003A7F84C307A683B681B789B00FA
:10FAB8001A44B7F84C3043F07F4343F47F0343F4D0
:10FAC800404343F080039BB213807A683B681B78FD
:10FAD8009B0013441B88A7F84A30B7F84A3003F054
:10FAE8004003002B1DD07A683B681B789B001344A9
:10FAF8001B889BB223F4E04323F07003A7F8483037
:10FB08007A683B681B789B001A44B7F8483043F082
:10FB18007F4343F47F0343F4004343F0C0039BB2A5
:10FB280013803B68DB78012B24D07A683B681B780C
:10FB38009B0013441B889BB223F4E04323F040034B
:10FB4800A7F84430B7F8443083F02003A7F84430CE
:10FB58007A683B681B789B001A44B7F8443043F036
:10FB68007F4343F47F0343F4004343F080039BB295
:10FB780013801DE07A683B681B789B0013441B8840
:10FB88009BB223F4E04323F04003A7F846307A6899
:10FB98003B681B789B001A44B7F8463043F07F4314
:10FBA80043F47F0343F4004343F080039BB2138084
:10FBB8007A683B681B789B0013441B889BB223F42C
:10FBC800804323F07003A7F842307A683B681B78BB
:10FBD8009B001A44B7F8423043F07F4343F47F0355
:10FBE80043F4004343F080039BB2138097F86F30CF
:10FBF80018467437BD4680BC704700BF80B48DB0CE
:10FC080000AF786039603B681B7B002B40F08E802A
:10FC18003B685B78002B44D07A683B681B789B0074
:10FC280013441B88BB81BB8903F04003002B1BD006
:10FC38007A683B681B789B0013441B889BB223F4AB
:10FC4800E04323F070037B817A683B681B789B0054
:10FC58001A447B8943F07F4343F47F0343F4004312
:10FC680043F0C0039BB213807A683B681B789B0003
:10FC780013441B889BB223F4E04323F040033B81E9
:10FC88007A683B681B789B001A443B8943F07F43A2
:10FC980043F47F0343F4004343F080039BB2138093
:10FCA80092E17A683B681B789B0013441B887B822F
:10FCB8007B8A03F48043002B1BD07A683B681B784F
:10FCC8009B0013441B889BB223F4E04323F070038A
:10FCD8003B827A683B681B789B001A443B8A43F056
:10FCE8007F4343F47F0343F4404343F080039BB2D4
:10FCF80013807A683B681B789B0013441B889BB26F
:10FD080023F4804323F07003FB817A683B681B78F7
:10FD18009B001A44FB8943F07F4343F47F0343F479
:10FD2800004343F080039BB213804DE13B685B784E
:10FD3800002B40F0A5807A683B681B789B00134431
:10FD48001B883B843B8C03F48043002B1BD07A68D0
:10FD58003B681B789B0013441B889BB223F4E04349
:10FD680023F07003FB837A683B681B789B001A4476
:10FD7800FB8B43F07F4343F47F0343F4404343F05A
:10FD880080039BB213807A683B681B789B001344FE
:10FD98001B88BB83BB8B03F04003002B1BD07A6806
:10FDA8003B681B789B0013441B889BB223F4E043F9
:10FDB80023F070037B837A683B681B789B001A44A6
:10FDC8007B8B43F07F4343F47F0343F4004343F0CA
:10FDD800C0039BB213807A683B681B789B0013446E
:10FDE8001B889BB223F4E04323F070033B837A68BB
:10FDF8003B681B789B001A443B8B43F07F4343F4DA
:10FE08007F0343F4004343F0C0039BB213807A6836
:10FE18003B681B789B0013441B889BB223F48043E8
:10FE280023F07003FB827A683B681B789B001A44B6
:10FE3800FB8A43F07F4343F47F0343F4004343F0DA
:10FE480080039BB213807A683B681B789B0013443D
:10FE58001B889BB223F4E04323F04003BB827A68FB
:10FE68003B681B789B001A44BB8A43F07F4343F4EA
:10FE78007F0343F4004343F080039BB21380A3E065
:10FE88007A683B681B789B0013441B88FB85FB8DB5
:10FE980003F48043002B1BD07A683B681B789B00D7
:10FEA80013441B889BB223F4E04323F07003BB8503
:10FEB8007A683B681B789B001A44BB8D43F07F43EC
:10FEC80043F47F0343F4404343F080039BB2138021
:10FED8007A683B681B789B0013441B887B857B8D65
:10FEE80003F04003002B1BD07A683B681B789B000B
:10FEF80013441B889BB223F4E04323F070033B8533
:10FF08007A683B681B789B001A443B8D43F07F431B
:10FF180043F47F0343F4004343F0C0039BB21380D0
:10FF28007A683B681B789B0013441B889BB223F4B8
:10FF3800E04323F07003FB847A683B681B789B00DE
:10FF48001A44FB8C43F07F4343F47F0343F440435C
:10FF580043F080039BB213807A683B681B789B0050
:10FF680013441B889BB223F4E04323F04003BB8473
:10FF78007A683B681B789B001A44BB8C43F07F432C
:10FF880043F47F0343F4004343F080039BB21380A0
:10FF98007A683B681B789B0013441B889BB223F448
:10FFA800804323F070037B847A683B681B789B004E
:10FFB8001A447B8C43F07F4343F47F0343F40043AC
:10FFC80043F080039BB21380002318463437BD46A4
:10FFD80080BC704780B5C2B000AF07F58473A3F545
:10FFE8008273186007F58473A3F58473196007F5A5
:08FFF8008473A3F584731B68F8
:020000040801F1
:100000005B78012B40F0B78607F58473A3F5847302
:100010001B689A6907F58473A3F584731B681B69D1
:100020009A4208D907F58473A3F584731B681B698A
:10003000C7F8043107E007F58473A3F584731B68E0
:100040009B69C7F8043107F58473A3F584731B68B3
:100050001B7B002B3AD107F58473A3F584731B68CF
:10006000596907F58473A3F584731B68DA88D7F898
:1000700004319BB207F58470A0F58270006801F02E
:100080009CFC07F58473A3F582731B683B6107F53D
:100090008473A3F582731B68B3F850309BB21A4681
:1000A0003B6913443B6107F58473A3F584731B68B4
:1000B0001B781A013B69134403F20443FB60D7F831
:1000C00004319AB2FB681A8000F01FBE07F58473F2
:1000D000A3F584731B68DB78022B40F0628407F57C
:1000E0008473A3F584731B681A6A07F58473A3F5F8
:1000F00084731B681B699A4240F2DF8307F584739F
:10010000A3F582731A6807F58473A3F584731B68DB
:100110001B789B0013441B889BB223F4E04323F01D
:100120007003A7F8563007F58473A3F582731A6835
:1001300007F58473A3F584731B681B789B001A442E
:10014000B7F8563043F07F4343F47F0343F4014351
:1001500043F080039BB2138007F58473A3F5847387
:100160001B681A6AD7F80431D21A07F58473A3F50D
:1001700084731B681A6207F58473A3F582731A6887
:1001800007F58473A3F584731B681B789B001344E5
:100190001B889BB203F04003002B00F0C78107F5DA
:1001A0008473A3F582731B683B6307F58473A3F51F
:1001B00084731B685B78002B77D107F58473A3F5F4
:1001C00082731B68BB6207F58473A3F582731B6897
:1001D000B3F850309BB21A46BB6A1344BB6207F5B2
:1001E0008473A3F584731B681B781A01BB6A1344DC
:1001F00003F20C437B627B6A1B889BB2C3F3090347
:100200009AB27B6A1A80D7F804313E2B21D9D7F8ED
:1002100004315B09C7F80031D7F8043103F01F033C
:10022000002B04D1D7F80031013BC7F800317B6ABD
:100230001B889AB2D7F800319BB29B029BB2134342
:100240009BB26FEA43436FEA53439AB27B6A1A80C8
:1002500050E0D7F80431002B0AD17B6A1B889BB28F
:100260006FEA43436FEA53439AB27B6A1A8041E0D4
:10027000D7F804315B08C7F80031D7F8043103F030
:100280000103002B04D0D7F800310133C7F8003147
:100290007B6A1B889AB2D7F800319BB29B029BB253
:1002A00013439AB27B6A1A8024E007F58473A3F59E
:1002B00084731B685B78012B1CD107F58473A3F54D
:1002C00082731B68B3F850309BB21A463B6B1344E1
:1002D0003B6307F58473A3F584731B681B781A01CD
:1002E0003B6B134403F20C43FB62D7F804319AB220
:1002F000FB6A1A8007F58473A3F584731B685B8916
:10030000A7F8763007F58473A3F584731B685969E1
:10031000D7F804319BB2B7F8762007F58470A0F5C2
:100320008270006801F049FB07F58473A3F58473BC
:100330001B685A69D7F804311A4407F58473A3F58A
:1003400084731B685A6107F58473A3F584731B6873
:100350001A6A07F58473A3F584731B681B699A42B4
:100360000FD907F58473A3F584731B681A6AD7F84D
:100370000431D21A07F58473A3F584731B681A62DB
:100380000EE007F58473A3F584731B681B6AC7F836
:10039000043107F58473A3F584731B6800221A6285
:1003A00007F58473A3F584731B685B78002B77D102
:1003B00007F58473A3F582731B68BB6107F584732B
:1003C000A3F582731B68B3F850309BB21A46BB6921
:1003D0001344BB6107F58473A3F584731B681B7812
:1003E0001A01BB69134403F204437B617B691B88D8
:1003F0009BB2C3F309039AB27B691A80D7F8043120
:100400003E2B21D9D7F804315B09C7F8FC30D7F867
:10041000043103F01F03002B04D1D7F8FC30013B5B
:10042000C7F8FC307B691B889AB2D7F8FC309BB2C6
:100430009B029BB213439BB26FEA43436FEA534361
:100440009AB27B691A8056E0D7F80431002B0AD1A2
:100450007B691B889BB26FEA43436FEA53439AB2AE
:100460007B691A8047E0D7F804315B08C7F8FC3095
:10047000D7F8043103F00103002B04D0D7F8FC3087
:100480000133C7F8FC307B691B889AB2D7F8FC307F
:100490009BB29B029BB213439AB27B691A802AE0FB
:1004A00007F58473A3F584731B685B78012B22D155
:1004B00007F58473A3F582731B683B6207F58473A9
:1004C000A3F582731B68B3F850309BB21A463B6A9F
:1004D00013443B6207F58473A3F584731B681B7890
:1004E0001A013B6A134403F20443FB61D7F8043159
:1004F0009AB2FB691A8007F58473A3F584731B68AD
:100500001B89A7F8763007F58473A3F584731B68FD
:100510005969D7F804319BB2B7F8762007F5847093
:10052000A0F58270006801F048FAEEE307F58473E5
:10053000A3F584731B685B78002B77D107F5847370
:10054000A3F582731B68BB6407F58473A3F58273FC
:100550001B68B3F850309BB21A46BB6C1344BB64A3
:1005600007F58473A3F584731B681B781A01BB6CB1
:10057000134403F204437B647B6C1B889BB2C3F37C
:1005800009039AB27B6C1A80D7F804313E2B21D92B
:10059000D7F804315B09C7F8F830D7F8043103F015
:1005A0001F03002B04D1D7F8F830013BC7F8F8300F
:1005B0007B6C1B889AB2D7F8F8309BB29B029BB237
:1005C00013439BB26FEA43436FEA53439AB27B6C87
:1005D0001A8056E0D7F80431002B0AD17B6C1B88B7
:1005E0009BB26FEA43436FEA53439AB27B6C1A8023
:1005F00047E0D7F804315B08C7F8F830D7F8043182
:1006000003F00103002B04D0D7F8F8300133C7F80A
:10061000F8307B6C1B889AB2D7F8F8309BB29B02FB
:100620009BB213439AB27B6C1A802AE007F584735D
:10063000A3F584731B685B78012B22D107F58473C3
:10064000A3F582731B683B6507F58473A3F582737A
:100650001B68B3F850309BB21A463B6D13443B65A0
:1006600007F58473A3F584731B681B781A013B6D2F
:10067000134403F20443FB64D7F804319AB2FB6CD1
:100680001A8007F58473A3F584731B681B89A7F888
:10069000763007F58473A3F584731B685969D7F81E
:1006A00004319BB2B7F8762007F58470A0F582700C
:1006B000006801F082F907F58473A3F584731B6861
:1006C0005A69D7F804311A4407F58473A3F5847383
:1006D0001B685A6107F58473A3F584731B681A6A53
:1006E00007F58473A3F584731B681B699A420FD9BD
:1006F00007F58473A3F584731B681A6AD7F804316D
:10070000D21A07F58473A3F584731B681A620EE08E
:1007100007F58473A3F584731B681B6AC7F804315B
:1007200007F58473A3F584731B6800221A6207F52A
:100730008473A3F582731B683B6407F58473A3F588
:1007400084731B685B78002B77D107F58473A3F55E
:1007500082731B68BB6307F58473A3F582731B6800
:10076000B3F850309BB21A46BB6B1344BB6307F51A
:100770008473A3F584731B681B781A01BB6B134445
:1007800003F20C437B637B6B1B889BB2C3F30903AF
:100790009AB27B6B1A80D7F804313E2B21D9D7F857
:1007A00004315B09C7F8F430D7F8043103F01F03B4
:1007B000002B04D1D7F8F430013BC7F8F4307B6B41
:1007C0001B889AB2D7F8F4309BB29B029BB21343BA
:1007D0009BB26FEA43436FEA53439AB27B6B1A8032
:1007E00050E0D7F80431002B0AD17B6B1B889BB2F9
:1007F0006FEA43436FEA53439AB27B6B1A8041E03E
:10080000D7F804315B08C7F8F430D7F8043103F0A7
:100810000103002B04D0D7F8F4300133C7F8F430CB
:100820007B6B1B889AB2D7F8F4309BB29B029BB2C9
:1008300013439AB27B6B1A8024E007F58473A3F507
:1008400084731B685B78012B1CD107F58473A3F5B7
:1008500082731B68B3F850309BB21A463B6C13444A
:100860003B6407F58473A3F584731B681B781A0136
:100870003B6C134403F20C43FB63D7F804319AB288
:10088000FB6B1A8007F58473A3F584731B685B897F
:10089000A7F8763007F58473A3F584731B6859694C
:1008A000D7F804319BB2B7F8762007F58470A0F52D
:1008B0008270006801F081F827E207F58473A3F5E0
:1008C00084731B681B6AC7F8043107F58473A3F5AA
:1008D00082731A6807F58473A3F584731B681B7809
:1008E0009B0013441B889BB223F4E24323F0700364
:1008F000A7F8623007F58473A3F582731A6807F5C9
:100900008473A3F584731B681B789B001A44B7F8A3
:10091000623043F07F4343F47F0343F4004343F0EA
:1009200080039BB2138007F58473A3F582731B6861
:10093000FB6507F58473A3F582731B68B3F8503029
:100940009BB21A46FB6D1344FB6507F58473A3F550
:1009500084731B681B781A01FB6D134403F2044374
:10096000BB65D7F804319AB2BB6D1A8007F5847362
:10097000A3F584731B681B89A7F8763007F5847389
:10098000A3F584731B685969D7F804319BB2B7F893
:10099000762007F58470A0F58270006801F00DF8EC
:1009A000B3E107F58473A3F584731B681A6AD7F85B
:1009B0000431D21A07F58473A3F584731B681A6295
:1009C00007F58473A3F582731A6807F58473A3F59A
:1009D00084731B681B789B0013441B889BB203F035
:1009E0004003002B00F0C68007F58473A3F58273E3
:1009F0001B683B6707F58473A3F584731B685B78FA
:100A0000002B77D107F58473A3F582731B68BB664F
:100A100007F58473A3F582731B68B3F850309BB25B
:100A20001A46BB6E1344BB6607F58473A3F5847343
:100A30001B681B781A01BB6E134403F20C437B66E0
:100A40007B6E1B889BB2C3F309039AB27B6E1A803C
:100A5000D7F804313E2B21D9D7F804315B09C7F808
:100A6000F030D7F8043103F01F03002B04D1D7F87E
:100A7000F030013BC7F8F0307B6E1B889AB2D7F894
:100A8000F0309BB29B029BB213439BB26FEA43438D
:100A90006FEA53439AB27B6E1A8050E0D7F8043164
:100AA000002B0AD17B6E1B889BB26FEA43436FEA2F
:100AB00053439AB27B6E1A8041E0D7F804315B0849
:100AC000C7F8F030D7F8043103F00103002B04D04D
:100AD000D7F8F0300133C7F8F0307B6E1B889AB23C
:100AE000D7F8F0309BB29B029BB213439AB27B6E55
:100AF0001A8024E007F58473A3F584731B685B7880
:100B0000012B1CD107F58473A3F582731B68B3F81E
:100B100050309BB21A463B6F13443B6707F5847312
:100B2000A3F584731B681B781A013B6F134403F20F
:100B30000C43FB66D7F804319AB2FB6E1A8007F5B6
:100B40008473A3F584731B685B89A7F8763007F577
:100B50008473A3F584731B685969D7F804319BB279
:100B6000B7F8762007F58470A0F58270006800F071
:100B700024FFCAE007F58473A3F584731B685B78D0
:100B8000002B77D107F58473A3F582731B68FB678D
:100B900007F58473A3F582731B68B3F850309BB2DA
:100BA0001A46FB6F1344FB6707F58473A3F5847340
:100BB0001B681B781A01FB6F134403F20443BB67E5
:100BC000BB6F1B889BB2C3F309039AB2BB6F1A8039
:100BD000D7F804313E2B21D9D7F804315B09C7F887
:100BE000EC30D7F8043103F01F03002B04D1D7F801
:100BF000EC30013BC7F8EC30BB6F1B889AB2D7F8DA
:100C0000EC309BB29B029BB213439BB26FEA43430F
:100C10006FEA53439AB2BB6F1A805CE0D7F8043195
:100C2000002B0AD1BB6F1B889BB26FEA43436FEA6C
:100C300053439AB2BB6F1A804DE0D7F804315B087A
:100C4000C7F8EC30D7F8043103F00103002B04D0CF
:100C5000D7F8EC300133C7F8EC30BB6F1B889AB281
:100C6000D7F8EC309BB29B029BB213439AB2BB6F96
:100C70001A8030E007F58473A3F584731B685B78F2
:100C8000012B28D107F58473A3F582731B68C7F87D
:100C9000843007F58473A3F582731B68B3F8503072
:100CA0009BB21A46D7F884301344C7F8843007F54E
:100CB0008473A3F584731B681B781A01D7F88430FA
:100CC000134403F20443C7F88030D7F804319AB2D2
:100CD000D7F880301A8007F58473A3F584731B68F6
:100CE0001B89A7F8763007F58473A3F584731B6816
:100CF0005969D7F804319BB2B7F8762007F58470AC
:100D0000A0F58270006800F058FE07F58473A3F523
:100D100082731A6807F58473A3F584731B681B78C4
:100D20009B0013441B889BB223F4E04323F0400351
:100D30007B817B8983F010037B817B8983F0200397
:100D40007B8107F58473A3F582731A6807F58473B2
:100D5000A3F584731B681B789B001A447B8943F0BE
:100D60007F4343F47F0343F4004343F080039BB28B
:100D7000138000F0DEBC07F58473A3F584731B6851
:100D80001B7B002B40F0BB8007F58473A3F58473B5
:100D90001B689A6907F58473A3F584731B681B6944
:100DA0009A4217D907F58473A3F584731B681B69EE
:100DB000C7F8043107F58473A3F584731B689A6937
:100DC000D7F80431D21A07F58473A3F584731B682E
:100DD0009A610EE007F58473A3F584731B689B6921
:100DE000C7F8043107F58473A3F584731B680022E8
:100DF0009A6107F58473A3F582731B68C7F8903076
:100E000007F58473A3F582731B68B3F850309BB267
:100E10001A46D7F890301344C7F8903007F584731A
:100E2000A3F584731B681B781A01D7F8903013441C
:100E300003F20C43C7F88C30D7F88C301B889BB278
:100E4000C3F309039AB2D7F88C301A80D7F804316B
:100E50003E2B24D9D7F804315B09C7F8E830D7F81E
:100E6000043103F01F03002B04D1D7F8E830013B15
:100E7000C7F8E830D7F88C301B889AB2D7F8E8303A
:100E80009BB29B029BB213439BB26FEA43436FEA50
:100E900053439AB2D7F88C301A8000F010BCD7F8C0
:100EA0000431002B0CD1D7F88C301B889BB26FEA31
:100EB00043436FEA53439AB2D7F88C301A80FEE36B
:100EC000D7F804315B08C7F8E830D7F8043103F0ED
:100ED0000103002B04D0D7F8E8300133C7F8E8301D
:100EE000D7F88C301B889AB2D7F8E8309BB29B02B7
:100EF0009BB213439AB2D7F88C301A80DFE307F520
:100F00008473A3F584731B68DB78022B40F018828E
:100F100007F58473A3F584731B685B78002B40F09E
:100F20009D8007F58473A3F582731B68C7F8AC3006
:100F300007F58473A3F582731B68B3F850309BB236
:100F40001A46D7F8AC301344C7F8AC3007F58473B1
:100F5000A3F584731B681B781A01D7F8AC301344CF
:100F600003F20443C7F8A830D7F8A8301B889BB217
:100F7000C3F309039AB2D7F8A8301A8007F584732F
:100F8000A3F584731B681B693E2B2BD907F584736B
:100F9000A3F584731B681B695B09C7F8E43007F588
:100FA0008473A3F584731B681B6903F01F03002B74
:100FB00004D1D7F8E430013BC7F8E430D7F8A830C3
:100FC0001B889AB2D7F8E4309BB29B029BB21343C2
:100FD0009BB26FEA43436FEA53439AB2D7F8A83003
:100FE0001A8070E007F58473A3F584731B681B698E
:100FF000002B0CD1D7F8A8301B889BB26FEA434373
:101000006FEA53439AB2D7F8A8301A805BE007F52D
:101010008473A3F584731B681B695B08C7F8E4300D
:1010200007F58473A3F584731B681B6903F0010340
:10103000002B04D0D7F8E4300133C7F8E430D7F8F8
:10104000A8301B889AB2D7F8E4309BB29B029BB2BF
:1010500013439AB2D7F8A8301A8034E007F58473A6
:10106000A3F584731B685B78012B2CD107F584737F
:10107000A3F582731B68C7F8B43007F58473A3F532
:1010800082731B68B3F850309BB21A46D7F8B4305D
:101090001344C7F8B43007F58473A3F584731B6851
:1010A0001B781A01D7F8B430134403F20443C7F88D
:1010B000B03007F58473A3F584731B681B699AB27B
:1010C000D7F8B0301A8007F58473A3F582731B68D4
:1010D000C7F8A43007F58473A3F584731B685B78A5
:1010E000002B40F09D8007F58473A3F582731B6885
:1010F000C7F89C3007F58473A3F582731B68B3F8B7
:1011000050309BB21A46D7F89C301344C7F89C3035
:1011100007F58473A3F584731B681B781A01D7F84D
:101120009C30134403F20C43C7F89830D7F898303A
:101130001B889BB2C3F309039AB2D7F898301A8080
:1011400007F58473A3F584731B681B693E2B2BD9A9
:1011500007F58473A3F584731B681B695B09C7F8E3
:10116000E03007F58473A3F584731B681B6903F0F3
:101170001F03002B04D1D7F8E030013BC7F8E03063
:10118000D7F898301B889AB2D7F8E0309BB29B0210
:101190009BB213439BB26FEA43436FEA53439AB245
:1011A000D7F898301A8069E007F58473A3F5847343
:1011B0001B681B69002B0CD1D7F898301B889BB299
:1011C0006FEA43436FEA53439AB2D7F898301A80D4
:1011D00054E007F58473A3F584731B681B695B08EF
:1011E000C7F8E03007F58473A3F584731B681B69A7
:1011F00003F00103002B04D0D7F8E0300133C7F827
:10120000E030D7F898301B889AB2D7F8E0309BB21C
:101210009B029BB213439AB2D7F898301A802DE004
:1012200007F58473A3F584731B685B78012B25D1C4
:1012300007F58473A3F582731B68B3F850309BB233
:101240001A46D7F8A4301344C7F8A43007F58473BE
:10125000A3F584731B681B781A01D7F8A4301344D4
:1012600003F20C43C7F8A03007F58473A3F5847329
:101270001B681B699AB2D7F8A0301A8007F58473EF
:10128000A3F584731B68DB69002B00F0188207F557
:101290008473A3F582731A6807F58473A3F58473C6
:1012A0001B681B789B0013441B88A7F89630B7F87F
:1012B000963003F48043002B05D0B7F8963003F046
:1012C0004003002B0DD1B7F8963003F48043002B78
:1012D00040F0F581B7F8963003F04003002B40F062
:1012E000EE8107F58473A3F582731A6807F584739A
:1012F000A3F584731B681B789B0013441B889BB267
:1013000023F4E04323F07003A7F8943007F58473C7
:10131000A3F582731A6807F58473A3F584731B68B9
:101320001B789B001A44B7F8943043F07F4343F492
:101330007F0343F4004343F0C0039BB21380BEE13C
:1013400007F58473A3F584731B68DB78012B40F0E9
:10135000B48107F58473A3F584731B689A6907F554
:101360008473A3F584731B681B699A4217D907F528
:101370008473A3F584731B681B69C7F8043107F5F0
:101380008473A3F584731B689A69D7F80431D21A61
:1013900007F58473A3F584731B689A610EE007F563
:1013A0008473A3F584731B689B69C7F8043107F540
:1013B0008473A3F584731B6800229A6107F5847314
:1013C000A3F584731B685B78002B40F0858007F5DC
:1013D0008473A3F582731B68C7F8CC3007F5847358
:1013E000A3F582731B68B3F850309BB21A46D7F846
:1013F000CC301344C7F8CC3007F58473A3F584735D
:101400001B681B781A01D7F8CC30134403F204434D
:10141000C7F8C830D7F8C8301B889BB2C3F309039C
:101420009AB2D7F8C8301A80D7F804313E2B23D9A6
:10143000D7F804315B09C7F8DC30D7F8043103F082
:101440001F03002B04D1D7F8DC30013BC7F8DC3098
:10145000D7F8C8301B889AB2D7F8DC309BB29B0211
:101460009BB213439BB26FEA43436FEA53439AB272
:10147000D7F8C8301A8060E0D7F80431002B0CD1BF
:10148000D7F8C8301B889BB26FEA43436FEA5343D7
:101490009AB2D7F8C8301A804FE0D7F804315B0809
:1014A000C7F8DC30D7F8043103F00103002B04D077
:1014B000D7F8DC300133C7F8DC30D7F8C8301B88E8
:1014C0009AB2D7F8DC309BB29B029BB213439AB21C
:1014D000D7F8C8301A8030E007F58473A3F5847319
:1014E0001B685B78012B28D107F58473A3F5827301
:1014F0001B68C7F8D43007F58473A3F582731B68A3
:10150000B3F850309BB21A46D7F8D4301344C7F81A
:10151000D43007F58473A3F584731B681B781A0114
:10152000D7F8D430134403F20443C7F8D030D7F8C7
:1015300004319AB2D7F8D0301A8007F58473A3F536
:1015400082731B68C7F8C43007F58473A3F58473EE
:101550001B685B78002B40F0858007F58473A3F54A
:1015600082731B68C7F8BC3007F58473A3F58273D8
:101570001B68B3F850309BB21A46D7F8BC301344FE
:10158000C7F8BC3007F58473A3F584731B681B7818
:101590001A01D7F8BC30134403F20C43C7F8B83033
:1015A000D7F8B8301B889BB2C3F309039AB2D7F8B7
:1015B000B8301A80D7F804313E2B23D9D7F804313C
:1015C0005B09C7F8D830D7F8043103F01F03002BAC
:1015D00004D1D7F8D830013BC7F8D830D7F8B830A5
:1015E0001B889AB2D7F8D8309BB29B029BB21343A8
:1015F0009BB26FEA43436FEA53439AB2D7F8B830CD
:101600001A805CE0D7F80431002B0CD1D7F8B83041
:101610001B889BB26FEA43436FEA53439AB2D7F8F1
:10162000B8301A804BE0D7F804315B08C7F8D830DF
:10163000D7F8043103F00103002B04D0D7F8D830D9
:101640000133C7F8D830D7F8B8301B889AB2D7F82A
:10165000D8309BB29B029BB213439AB2D7F8B830F2
:101660001A802CE007F58473A3F584731B685B78FC
:10167000012B24D107F58473A3F582731B68B3F89B
:1016800050309BB21A46D7F8C4301344C7F8C43060
:1016900007F58473A3F584731B681B781A01D7F8C8
:1016A000C430134403F20C43C7F8C030D7F80431F8
:1016B0009AB2D7F8C0301A8001E001233AE007F56A
:1016C0008473A3F582731A6807F58473A3F5847392
:1016D0001B681B789B0013441B889BB223F4804338
:1016E00023F07003A7F88A30B7F88A3083F4805368
:1016F000A7F88A30B7F88A3083F40053A7F88A3005
:1017000007F58473A3F582731A6807F58473A3F54C
:1017100084731B681B789B001A44B7F88A3043F027
:101720007F4343F47F0343F4004343F080039BB2C1
:1017300013800023184607F58477BD4680BD80B42A
:1017400085B000AF786039603B685B78002B20D0B3
:101750007A683B681B789B0013441B889BB223F478
:10176000E04323F04003BB81BB8983F01003BB81BE
:101770007A683B681B789B001A44BB8943F07F431F
:1017800043F47F0343F4004343F080039BB2138090
:101790001FE07A683B681B789B0013441B889BB250
:1017A00023F4804323F07003FB81FB8983F480538F
:1017B000FB817A683B681B789B001A44FB8943F0E5
:1017C0007F4343F47F0343F4004343F080039BB221
:1017D0001380002318461437BD4680BC704780B480
:1017E00087B000AF786039603B681B7B002B40F00E
:1017F0009D803B685B78002B4CD07A683B681B78F7
:101800009B0013441B883B823B8A03F04003002B60
:101810001BD07A683B681B789B0013441B889BB2E3
:1018200023F4E04323F07003FB817A683B681B7864
:101830009B001A44FB8943F07F4343F47F0343F446
:10184000004343F0C0039BB213803B68DB78012B5D
:101850006CD07A683B681B789B0013441B889BB252
:1018600023F4E04323F04003BB81BB8983F02003D2
:10187000BB817A683B681B789B001A44BB8943F0A4
:101880007F4343F47F0343F4004343F080039BB260
:1018900013804BE07A683B681B789B0013441B88DD
:1018A000FB82FB8A03F48043002B1BD07A683B68E1
:1018B0001B789B0013441B889BB223F4E04323F066
:1018C0007003BB827A683B681B789B001A44BB8A12
:1018D00043F07F4343F47F0343F4404343F08003EA
:1018E0009BB213807A683B681B789B0013441B886B
:1018F0009BB223F4804323F070037B827B8A83F4C2
:1019000080537B827B8A83F400537B827A683B68B6
:101910001B789B001A447B8A43F07F4343F47F0388
:1019200043F4004343F080039BB213800023184626
:101930001C37BD4680BC704780B483B000AF786070
:101940000B46FB70FB78002B03D17B688022A3F849
:101950004C20002318460C37BD4680BC704780B42D
:1019600083B000AF7860002318460C37BD4680BCBA
:10197000704780B483B000AF7860002318460C37FE
:10198000BD4680BC704780B485B000AF78607B688E
:10199000B3F844309BB2FB60FB6818461437BD4671
:1019A00080BC704780B483B000AF7860396000239A
:1019B00018460C37BD4680BC704780B48BB000AF72
:1019C000F860B96011461A460B46FB801346BB808F
:1019D000BB8801335B08BB61FB687B61BB68FB6153
:1019E000FB885A007B69134403F580633B62BB6943
:1019F0007B621FE0FB691B787B82FB6901331B78EC
:101A00001BB21B021AB2B7F9123013431BB27B820E
:101A10003B6A7A8A1A803B6A02333B623B6A023332
:101A20003B62FB690133FB61FB690133FB617B6A4C
:101A3000013B7B627B6A002BDCD100BF00BF2C37EF
:101A4000BD4680BC704780B48BB000AFF860B96011
:101A500011461A460B46FB801346BB80BB885B08C9
:101A60009BB2BB61FB687B61BB68FB61FB885A0072
:101A70007B69134403F580633B62BB697B621BE0B7
:101A80003B6A1B889BB23B613B6A02333B623B690A
:101A9000DAB2FB691A70FB690133FB613B691B0A0F
:101AA000DAB2FB691A70FB690133FB613B6A0233EE
:101AB0003B627B6A013B7B627B6A002BE0D1BB8887
:101AC00003F001039BB2002B07D03B6A1B889BB23B
:101AD0003B613B69DAB2FB691A7000BF2C37BD4627
:101AE00080BC704780B584B000AF78600B46FB7057
:101AF0000023FB737B681B7C002B15D14FF4007314
:101B000002228121786801F0AAFE7B680122DA6254
:101B10004FF4007302220121786801F0A0FE7B6877
:101B20000122C3F86C2112E040230222812178684F
:101B300001F095FE7B680122DA6240230222012136
:101B4000786801F08CFE7B680122C3F86C210823C1
:101B500003228221786801F082FE7B6801221A64E8
:101B60004FF4077001F0A2FF02467B68C3F8B82269
:101B70007B68D3F8B832002B02D10123FB7326E037
:101B80007B68D3F8B832BB607B68D3F8BC321B6883
:101B90009847BB680022C3F81422BB680022C3F830
:101BA00018227B681B7C002B09D1BB68D3F8042268
:101BB0004FF400730121786801F041FF07E0BB6832
:101BC000D3F8042240230121786801F038FFFB7B21
:101BD00018461037BD4680BD80B584B000AF786030
:101BE0000B46FB700023FB738121786801F05DFEDA
:101BF0007B680022DA620121786801F056FE7B687A
:101C00000022C3F86C218221786801F04EFE7B68C7
:101C100000221A647B68D3F8B832002B0ED07B68A0
:101C2000D3F8BC325B6898477B68D3F8B832184663
:101C300001F048FF7B680022C3F8B822FB7B1846FE
:101C40001037BD4680BD80B586B000AF7860396082
:101C50007B68D3F8B8323B610023FB730023BB8160
:101C60000023FB753B681B7803F06003002B39D021
:101C7000202B7FD13B68DB88002B29D03B681B7869
:101C80005BB2002B11DA7B68D3F8BC329B683A68F0
:101C9000507839693A68D288984739693B68DB8857
:101CA0001A46786801F006FA6BE03B685A783B699F
:101CB00083F800223B68DB88DAB23B6983F80122B3
:101CC00039693B68DB881A46786801F021FA58E0E8
:101CD0007B68D3F8BC329B683A6850780022396838
:101CE00098474EE03B685B780B2B2ED00B2B38DCF3
:101CF000002B02D00A2B14D033E07B6893F89C327F
:101D0000032B07D107F10C0302221946786801F072
:101D1000D1F92EE03968786801F062F90223FB7589
:101D200027E07B6893F89C32032B07D107F10F0360
:101D300001221946786801F0BDF91AE0396878681F
:101D400001F04EF90223FB7513E07B6893F89C3297
:101D5000032B0DD03968786801F042F90223FB7536
:101D600006E03968786801F03BF90223FB7500E072
:101D700000BF06E03968786801F032F90223FB758C
:101D800000BFFB7D18461837BD4680BD80B584B0C6
:101D900000AF78600B46FB707B68D3F8B832FB600D
:101DA0007B68D3F8C032BB607B68D3F8B832002BB5
:101DB0003AD0FA78796813469B0013449B000B4491
:101DC0001C331B68002B29D0FA78796813469B00D6
:101DD00013449B000B441C331A68F978B8680B460F
:101DE0009B000B44DB00034420331B68B2FBF3F180
:101DF00001FB03F3D31A002B10D1FA78796813464C
:101E00009B0013449B000B441C3300221A60F9789A
:101E100000230022786801F0EFFD03E0FB68002258
:101E2000C3F81422002300E0022318461037BD46F1
:101E300080BD80B584B000AF78600B46FB707B68D6
:101E4000D3F8B832FB60FB781946786801F01AFEC7
:101E50000246FB68C3F80C227B68D3F8B832002B2B
:101E60000DD07B68D3F8BC32DB68FA68D2F8040284
:101E7000FA6802F5037211469847002300E0022336
:101E800018461037BD4680BD80B584B000AF78607D
:101E90007B68D3F8B832FB607B68D3F8BC32002B88
:101EA00014D0FB6893F80032FF2B0FD07B68D3F877
:101EB000BC329B68FA6892F80002F968FA6892F8F6
:101EC00001229847FB68FF2283F80022002318466E
:101ED0001037BD4680BD000080B483B000AF78608D
:101EE0007B6843221A80034B18460C37BD4680BCE2
:101EF000704700BFE800002080B483B000AF786076
:101F00007B6843221A80034B18460C37BD4680BCC1
:101F1000704700BFA400002080B483B000AF786099
:101F20007B6843221A80034B18460C37BD4680BCA1
:101F3000704700BF2C01002080B483B000AF7860F0
:101F40007B680A221A80034B18460C37BD4680BCBA
:101F5000704700BF6000002080B485B000AF78609B
:101F600039600223FB733B68002B05D07B683A681D
:101F7000C3F8BC220023FB73FB7B18461437BD4615
:101F800080BC704780B487B000AFF860B96013467A
:101F9000FB80FB68D3F8B8327B617B69BA68C3F811
:101FA0000822FA887B69C3F81022002318461C37E0
:101FB000BD4680BC704780B485B000AF78603960A2
:101FC0007B68D3F8B832FB60FB683A68C3F8042238
:101FD000002318461437BD4680BC704780B584B0D6
:101FE00000AF78607B68D3F8B832FB607B68D3F8C9
:101FF000B832002B1CD0FB68D3F81432002B15D15B
:10200000FB680122C3F81422FB68D3F810227B6816
:102010001A63FB68D3F80822FB68D3F810329BB22E
:102020008121786801F0E8FC002302E0012300E050
:10203000022318461037BD4680BD80B584B000AF7E
:1020400078607B68D3F8B832FB607B68D3F8B8322D
:10205000002B17D07B681B7C002B09D1FB68D3F8C1
:1020600004224FF400730121786801F0E8FC07E0D6
:10207000FB68D3F8042240230121786801F0DFFCDB
:10208000002300E0022318461037BD4680BD80B50E
:1020900084B000AFF860B9601346FB71FB68002B99
:1020A00001D102231AE0FB68D3F8B432002B03D02D
:1020B000FB680022C3F8B422BB68002B03D0FB6886
:1020C000BA68C3F8B022FB68012283F89C22FB683F
:1020D000FA791A70F86801F04DFB002318461037A2
:1020E000BD4680BD80B485B000AF78603960002304
:1020F000FB733B68002B06D07B683A68C3F8B422B8
:102100000023FB7301E00223FB73FB7B18461437AB
:10211000BD4680BC704780B582B000AF78607868FB
:1021200001F082FB002318460837BD4680BD80B40D
:1021300083B000AF7860002318460C37BD4680BCE2
:10214000704780B584B000AF78600B46FB70022307
:10215000FB737B68D3F8B432002B0CD07B68D3F8C8
:10216000B4321B68FA781146786898470346002B0A
:1021700001D10023FB73FB7B18461037BD4680BDA1
:1021800080B582B000AF78600B46FB707B68D3F8F7
:10219000B4325B68FA78114678689847002318468D
:1021A0000837BD4680BD80B582B000AF7860396029
:1021B0007B6803F52A733968184600F0D8FE7B68FF
:1021C0000122C3F894227B68B3F8AE321A467B68CA
:1021D000C3F898227B6893F8A83203F01F03022B00
:1021E00016D0022B1CD8002B02D0012B08D017E0F0
:1021F0007B6803F52A731946786800F0CBF91AE07A
:102200007B6803F52A731946786800F02DFA12E00E
:102210007B6803F52A731946786800F06DFA0AE0C6
:102220007B6893F8A83223F07F03DBB21946786805
:1022300001F05AFB00BF002318460837BD4680BD99
:1022400080B586B000AFF8600B467A60FB72FB7A0F
:10225000002B4BD1FB6803F5AA737B61FB68D3F8B5
:102260009432032B34D17B69DA687B691B699A420B
:1022700019D97B69DA687B691B69D21A7B69DA60D4
:102280007B69DA687B691B699A4203D27B69DB68E8
:102290009BB202E07B691B699BB21A467968F868B9
:1022A00000F054FF38E0FB68D3F8B4321B69002B10
:1022B0000AD0FB6893F89C32032B05D1FB68D3F856
:1022C000B4321B69F8689847F86800F051FF23E0C2
:1022D000FB68D3F89432052B1ED1FB680022C3F8AB
:1022E00094220021F86801F0FFFA15E0FB68D3F8AA
:1022F000B4329B69002B0DD0FB6893F89C32032B02
:1023000008D1FB68D3F8B4329B69FA7A1146F868B1
:10231000984701E0022300E0002318461837BD4625
:1023200080BD80B586B000AFF8600B467A60FB7266
:10233000FB7A002B7FD1FB6814337B61FB68D3F8F9
:102340009432022B5CD17B69DA687B691B699A4203
:1023500015D97B69DA687B691B69D21A7B69DA60F7
:102360007B69DB689BB21A467968F86800F0BEFEAC
:10237000002300220021F86801F061FB4EE07B6938
:102380009B687A691269B3FBF2F101FB02F29B1AB6
:10239000002B1CD17B699A687B691B699A4216D312
:1023A0007B699A68FB68D3F898329A420FD2002270
:1023B0000021F86800F09AFEFB680022C3F898221A
:1023C000002300220021F86801F039FB26E0FB68B9
:1023D000D3F8B432DB68002B0AD0FB6893F89C3248
:1023E000032B05D1FB68D3F8B432DB68F868984753
:1023F0008021F86801F078FAF86800F0CCFE0DE072
:10240000FB68D3F89432042B04D0FB68D3F89432E1
:10241000002B03D18021F86801F066FAFB6893F87D
:10242000A032012B1DD1F868FFF781FEFB68002266
:1024300083F8A02215E0FB68D3F8B4325B69002B67
:102440000DD0FB6893F89C32032B08D1FB68D3F8BE
:10245000B4325B69FA7A1146F868984701E00223C2
:1024600000E0002318461837BD4680BD80B582B015
:1024700000AF7860402300220021786801F0EFF976
:102480007B680122C3F858217B684022C3F864218D
:10249000402300228021786801F0E1F97B68012265
:1024A0009A617B6840225A627B68012283F89C22F1
:1024B0007B680022C3F894227B6800225A607B6804
:1024C0000022C3F8A4227B68D3F8B832002B09D0CD
:1024D0007B68D3F8B4325B687A685268D2B211462E
:1024E00078689847002318460837BD4680BD80B4F9
:1024F00083B000AF78600B46FB707B68FA781A7483
:10250000002318460C37BD4680BC704780B483B0AA
:1025100000AF78607B6893F89C227B6883F89D22EB
:102520007B68042283F89C22002318460C37BD46A2
:1025300080BC704780B483B000AF78607B6893F84C
:102540009C32042B05D17B6893F89D227B6883F82D
:102550009C22002318460C37BD4680BC704780B5CE
:1025600082B000AF78607B6893F89C32032B0BD16C
:102570007B68D3F8B432DB69002B05D07B68D3F8D5
:10258000B432DB6978689847002318460837BD469F
:1025900080BD000080B584B000AF78603960002352
:1025A000FB733B681B7803F06003402B05D0402B86
:1025B0004FD8002B09D0202B4BD17B68D3F8B432F5
:1025C0009B6839687868984748E03B685B78092BD6
:1025D00039D801A252F823F0292601083D26010826
:1025E0004726010833260108472601080B26010863
:1025F00001260108472601081F26010815260108A3
:102600003968786800F0DCF922E03968786800F011
:102610003FFB1DE03968786800F07EFB18E0396800
:10262000786800F007FC13E03968786800F037FC40
:102630000EE03968786800F065FC09E03968786870
:1026400000F074FC04E03968786800F0C9FC00BF51
:1026500004E03968786800F0C3FC00BFFB7B1846D3
:102660001037BD4680BD00BF80B584B000AF786034
:1026700039600023FB733B681B7803F06003402B39
:1026800005D0402B2ED8002B01D0202B2AD17B68DF
:1026900093F89C32013B022B1DD83B689B88DBB230
:1026A000012B13D87B68D3F8B4329B6839687868FB
:1026B00098470346FB733B68DB88002B10D1FB7BFC
:1026C000002B0DD1786800F053FD09E03968786877
:1026D00000F086FC04E03968786800F081FC00E0D6
:1026E00000BF04E03968786800F07AFC00BF00237E
:1026F00018461037BD4680BD80B584B000AF786005
:1027000039600023FB733B689B88BB733B681B7875
:1027100003F06003402B07D0402B00F24681002BD2
:102720000AD0202B40F041817B68D3F8B4329B68FB
:102730003968786898473DE13B681B7803F060038F
:10274000202B0AD17B68D3F8B4329B68396878684B
:1027500098470346FB73FB7B2DE13B685B78032BBB
:1027600007D0032B00F31B81002B72D0012B3AD032
:1027700015E17B6893F89C32022B02D0032B15D015
:102780002BE0BB7B002B0CD0BB7B802B09D0BB7B11
:102790001946786801F0A8F88021786801F0A4F85B
:1027A00020E03968786800F01BFC1BE03B685B8820
:1027B000002B0ED1BB7B002B0BD0BB7B802B08D01A
:1027C0003B68DB88002B04D1BB7B1946786801F09D
:1027D0008BF8786800F0CCFC04E03968786800F089
:1027E000FFFB00BFE0E07B6893F89C32022B02D035
:1027F000032B15D026E0BB7B002B0CD0BB7B802BA2
:1028000009D0BB7B1946786801F06EF880217868A2
:1028100001F06AF81CE03968786800F0E1FB17E025
:102820003B685B88002B12D1BB7B03F07F03002B3E
:1028300004D0BB7B1946786801F075F8786800F021
:1028400097FC04E03968786800F0CAFB00E000BF3C
:10285000AAE07B6893F89C32022B02D0032B32D083
:1028600097E0BB7B002B07D0BB7B802B04D0396863
:10287000786800F0B5FB91E097F90E30002B0BDA89
:10288000BB7B03F07F0213469B0013449B00103375
:102890007A68134404330BE0BB7B03F07F021346DA
:1028A0009B0013449B0003F5A8737A681344043318
:1028B000BB60BB6800221A60BB68022219467868B8
:1028C00000F0F8FB6AE097F90E30002B11DABB7BC1
:1028D00003F00F02796813469B0013449B000B44DE
:1028E00018331B68002B17D13968786800F078FB23
:1028F00054E0BB7B03F00F02796813469B0013443E
:102900009B000B4403F5AC731B68002B04D13968A2
:10291000786800F065FB41E097F90E30002B0BDA88
:10292000BB7B03F07F0213469B0013449B001033D4
:102930007A68134404330BE0BB7B03F07F02134639
:102940009B0013449B0003F5A8737A681344043377
:10295000BB60BB7B002B02D0BB7B802B03D1BB6851
:1029600000221A600EE0BB7B1946786800F0FAFF7F
:102970000346002B03D0BB6801221A6002E0BB684B
:1029800000221A60BB6802221946786800F092FBA8
:1029900004E03968786800F023FB00BF04E0396880
:1029A000786800F01DFB00BF04E03968786800F02B
:1029B00017FB00BFFB7B18461037BD4680BD0000EB
:1029C00080B584B000AF7860396000233B8100237C
:1029D000FB600023FB723B685B881B0A9BB2013BD8
:1029E000062B00F2288101A252F823F0092A0108DF
:1029F000212A0108612A0108372C0108372C010817
:102A0000D72B0108032C01087B68D3F8B0321B6870
:102A10007A68127C07F1080110469847F86012E1C5
:102A20007B681B7C002B0DD17B68D3F8B4329B6A8A
:102A300007F1080210469847F860FB68013302224C
:102A40001A7000E17B68D3F8B432DB6A07F1080240
:102A500010469847F860FB68013302221A70F2E0D2
:102A60003B685B88DBB2052B00F2AC8001A252F818
:102A700023F000BF8D2A0108C12A0108F52A0108A8
:102A8000292B01085D2B0108912B01087B68D3F8E5
:102A9000B0325B68002B0BD07B68D3F8B0325B6838
:102AA0007A68127C07F1080110469847F86091E0B7
:102AB0003968786800F094FAFB7A0133FB7289E098
:102AC0007B68D3F8B0329B68002B0BD07B68D3F8BF
:102AD000B0329B687A68127C07F10801104698476B
:102AE000F86077E03968786800F07AFAFB7A0133A9
:102AF000FB726FE07B68D3F8B032DB68002B0BD041
:102B00007B68D3F8B032DB687A68127C07F1080181
:102B100010469847F8605DE03968786800F060FA20
:102B2000FB7A0133FB7255E07B68D3F8B0321B6946
:102B3000002B0BD07B68D3F8B0321B697A68127C0B
:102B400007F1080110469847F86043E03968786853
:102B500000F046FAFB7A0133FB723BE07B68D3F866
:102B6000B0325B69002B0BD07B68D3F8B0325B6965
:102B70007A68127C07F1080110469847F86029E04E
:102B80003968786800F02CFAFB7A0133FB7221E097
:102B90007B68D3F8B0329B69002B0BD07B68D3F8ED
:102BA000B0329B697A68127C07F108011046984799
:102BB000F8600FE03968786800F012FAFB7A0133A8
:102BC000FB7207E03968786800F00AFAFB7A013393
:102BD000FB7238E037E07B681B7C002B09D17B68F7
:102BE000D3F8B4325B6B07F1080210469847F860DF
:102BF00029E03968786800F0F3F9FB7A0133FB7259
:102C000021E07B681B7C002B0DD17B68D3F8B432AC
:102C10001B6B07F1080210469847F860FB68013308
:102C200007221A700FE03968786800F0D9F9FB7A4A
:102C30000133FB7207E03968786800F0D1F9FB7A5C
:102C40000133FB7200BFFB7A002B1CD13B89002BA8
:102C500011D03B68DB88002B0DD03B68DA883B89BC
:102C6000934228BF13469BB23B813B891A46F968C1
:102C7000786800F01FFA3B68DB88002B04D1786885
:102C800000F076FA00E000BF1037BD4680BD00BFFF
:102C900080B584B000AF786039603B689B88002BBA
:102CA00030D13B68DB88002B2CD13B685B887F2BC5
:102CB00028D83B685B88DBB203F07F03FB737B683B
:102CC00093F89C32032B04D13968786800F088F9B6
:102CD0001DE07B68FA7B83F89E22FB7B19467868AF
:102CE00000F06BFE786800F043FAFB7B002B04D009
:102CF0007B68022283F89C2209E07B68012283F82A
:102D00009C2204E03968786800F06AF900BF00BFCF
:102D10001037BD4680BD000080B582B000AF78603E
:102D200039603B685B88DAB2414B1A70404B1B78C4
:102D3000012B04D93968786800F052F975E07B6896
:102D400093F89C32022B02D0032B23D062E0384B45
:102D50001B78002B1AD0364B1B781A467B685A60BA
:102D60007B68032283F89C22314B1B7819467868D4
:102D7000FFF7E7F90346022B04D13968786800F0C1
:102D80002FF952E0786800F0F3F94EE0786800F02F
:102D9000EFF94AE0264B1B78002B12D17B68022208
:102DA00083F89C22224B1B781A467B685A60204B82
:102DB0001B7819467868FFF7E3F9786800F0D8F9CE
:102DC00033E01B4B1B781A467B685B689A421DD028
:102DD0007B685B68DBB219467868FFF7D1F9144B62
:102DE0001B781A467B685A60114B1B781946786825
:102DF000FFF7A7F90346022B04D13968786800F081
:102E0000EFF812E0786800F0B3F90EE0786800F0AF
:102E1000AFF90AE03968786800F0E2F8044B1B78F3
:102E200019467868FFF7ACF900BF0837BD4680BD8A
:102E3000D013002080B582B000AF786039603B6865
:102E4000DB88012B04D03968786800F0C9F822E0EB
:102E50007B6893F89C32022B02DC002B03DC15E02C
:102E6000032B0BD012E07B6800229A607B6808334A
:102E700001221946786800F01DF90CE07B680433E4
:102E800001221946786800F015F904E0396878687D
:102E900000F0A6F800BF00BF0837BD4680BD80B572
:102EA00082B000AF786039607B6893F89C32013B58
:102EB000022B1ED83B68DB88022B04D03968786867
:102EC00000F08EF81AE07B680122DA607B68D3F8A4
:102ED000A432002B05D07B68DB6843F002027B68DC
:102EE000DA607B680C3302221946786800F0E2F859
:102EF00004E03968786800F073F800BF00BF083755
:102F0000BD4680BD80B582B000AF786039603B6857
:102F10005B88012B06D17B680122C3F8A422786864
:102F200000F026F900BF0837BD4680BD80B582B0ED
:102F300000AF786039607B6893F89C32013B022BCC
:102F40000BD83B685B88012B0CD17B680022C3F84F
:102F5000A422786800F00CF904E03968786800F081
:102F60003FF800E000BF00BF0837BD4680BD80B419
:102F700083B000AF786039603B681A787B681A705C
:102F80003B685A787B685A703B6802331B781A4654
:102F90003B6803331B781B029BB213449AB27B68D5
:102FA0005A803B6804331B781A463B6805331B780C
:102FB0001B029BB213449AB27B689A803B6806332B
:102FC0001B781A463B6807331B781B029BB21344DD
:102FD0009AB27B68DA8000BF0C37BD4680BC704770
:102FE00080B582B000AF786039608021786800F0E9
:102FF0007BFC0021786800F077FC00BF0837BD46F5
:1030000080BD80B586B000AFF860B9607A600023FB
:10301000FB75FB68002B32D0F86800F034F80346EB
:1030200001339BB25B009AB27B681A80FB7D5A1C0D
:10303000FA751A46BB6813447A6812781A70FB7DD9
:103040005A1CFA751A46BB68134403221A7012E020
:10305000FB685A1CFA60FA7D511CF9751146BA6872
:103060000A441B781370FB7D5A1CFA751A46BB681C
:10307000134400221A70FB681B78002BE8D100BFB4
:103080001837BD4680BD80B485B000AF786000239E
:10309000FB7305E0FB7B0133FB737B6801337B60D3
:1030A0007B681B78002BF5D1FB7B18461437BD4697
:1030B00080BC704780B584B000AFF860B96013463B
:1030C000FB80FB680222C3F89422FA88FB68DA616D
:1030D000FA88FB681A62FB88BA680021F86800F079
:1030E0008BFC002318461037BD4680BD80B584B0E8
:1030F00000AFF860B9601346FB80FB88BA68002116
:10310000F86800F079FC002318461037BD4680BDF2
:1031100080B584B000AFF860B9601346FB80FB68EF
:103120000322C3F89422FA88FB68C3F85C21FA886A
:10313000FB68C3F86021FB88BA680021F86800F0DA
:103140007EFC002318461037BD4680BD80B584B094
:1031500000AFF860B9601346FB80FB88BA680021B5
:10316000F86800F06CFC002318461037BD4680BD9F
:1031700080B582B000AF78607B680422C3F89422E7
:10318000002300220021786800F036FC0023184656
:103190000837BD4680BD80B582B000AF78607B68DF
:1031A0000522C3F89422002300220021786800F051
:1031B00046FC002318460837BD4680BD80B500AFE9
:1031C000002212491248FEF762FF0346002B01D08D
:1031D000F8F762FE0F490E48FEF784FF0346002B06
:1031E00001D0F8F759FE0C490948FEF7B5FE034631
:1031F000002B01D0F8F750FE0548FEF78CFF034680
:10320000002B01D0F8F748FE00BF80BD88010020E8
:10321000D41300206C0000207801002080B500AF9E
:103220000020F8F7E5F9002205490648FEF7AAFE56
:1032300005490448FEF7BFFE0023184680BD00BFC5
:10324000981A0020D41300209816002080B500AFF3
:103250000020F8F7CDF90023184680BD80B584B072
:1032600000AF03463960FB711346BB80FB79232B0B
:1032700068D801A252F823F045330108453301080C
:10328000453301084533010845330108453301083A
:10329000453301084533010845330108453301082A
:1032A000453301084533010845330108453301081A
:1032B000453301084533010845330108453301080A
:1032C00045330108453301084533010845330108FA
:1032D00045330108453301084533010845330108EA
:1032E00045330108453301084533010845330108DA
:1032F0004533010845330108093301081B33010830
:103300002D33010845330108114B3A6810681860E5
:103310009188927999809A7115E03B680C4A1068FF
:1033200018609188927999809A710CE03B68FB60F3
:10333000FB685B88DBB203F00103DBB21846F8F7E9
:1033400057F900E000BF002318461037BD4680BD86
:103350007001002080B582B000AF786039603B68B2
:103360001B6819467868F3F7A3F979680548FEF7F2
:1033700022FE0448FEF761FE002318460837BD46CA
:1033800080BD00BFD413002080B584B000AF78604A
:103390000B467B800023FB730D4BD3F8B832BB6028
:1033A000BB68D3F81432002B01D001230BE07B88DB
:1033B0001A4679680648FEF7E5FD0548FEF70EFE59
:1033C0000346FB73FB7B18461037BD4680BD00BF2C
:1033D000D413002080B483B000AF03463960FB7182
:1033E0003B6812221A80034B18460C37BD4680BC3E
:1033F000704700BFA401002080B483B000AF034633
:103400003960FB713B6804221A80034B18460C3765
:10341000BD4680BC704700BFB801002080B582B0B7
:1034200000AF03463960FB71FB79002B05D13A6888
:1034300007490848FFF7E5FD04E03A6804490548F4
:10344000FFF7DFFD024B18460837BD4680BD00BFC1
:10345000981E00201C6E010880B582B000AF0346A4
:103460003960FB713A6804490448FFF7CAFD024B12
:1034700018460837BD4680BD981E0020346E0108EE
:1034800080B582B000AF03463960FB713B681A22F9
:103490001A8000F043F8024B18460837BD4680BD3D
:1034A000BC01002080B582B000AF03463960FB71DB
:1034B000FB79002B05D13A6807490848FFF7A1FDC1
:1034C00004E03A6804490548FFF79BFD024B1846A3
:1034D0000837BD4680BD00BF981E0020486E010819
:1034E00080B582B000AF03463960FB71FB79002BD9
:1034F00005D13A6807490848FFF783FD04E03A68B8
:1035000004490548FFF77DFD024B18460837BD46C4
:1035100080BD00BF981E0020546E010880B584B0A5
:1035200000AF0F4B1B68FB600E4B1B68BB600E4B64
:103530001B687B60FA687B681344FB60FB68002BA8
:1035400009D008220949F86800F014F80422084953
:10355000B86800F00FF800BF1037BD4680BD00BF4F
:10356000E8F7FF1FECF7FF1FF0F7FF1FBE01002079
:10357000CE01002080B487B000AFF860B960134678
:10358000FB710023FB750023FB7527E0FB681B0F15
:10359000092B0BD8FB681B0FDAB2FB7D5B001946C9
:1035A000BB680B443032D2B21A700AE0FB681B0FC2
:1035B000DAB2FB7D5B001946BB680B443732D2B2EE
:1035C0001A70FB681B01FB60FB7D5B000133BA686E
:1035D000134400221A70FB7D0133FB75FA7DFB79E1
:1035E0009A42D3D300BF00BF1C37BD4680BC704792
:1035F00080B584B000AF78607B681B680D4A934249
:1036000013D10D4BDB690C4A43F40003D3610A4B21
:10361000DB6903F40003FB60FB6800220021142037
:10362000F9F7DBF81420F9F7F4F800BF1037BD46BE
:1036300080BD00BF005C00400010024080B582B039
:1036400000AF78607B68D3F8D4227B6803F52673DB
:1036500019461046FEF7A7FD00BF0837BD4680BDDE
:1036600080B582B000AF78600B46FB707B68D3F802
:10367000D402FA78796813469B001344DB000B44AC
:1036800003F5B2731A68FB781946FEF7D9FD00BF3F
:103690000837BD4680BD80B582B000AF78600B466C
:1036A000FB707B68D3F8D402FA78796813469B00E4
:1036B0001344DB000B4424331A68FB781946FEF7E9
:1036C00030FE00BF0837BD4680BD80B582B000AF78
:1036D00078607B68D3F8D4321846FEF740FF00BF0D
:1036E0000837BD4680BD80B584B000AF7860012347
:1036F000FB737B689B79022B01D0F8F7CDFB7B68CD
:10370000D3F8D432FA7B11461846FEF7F0FE7B68F8
:10371000D3F8D4321846FEF7A9FE00BF1037BD46D5
:1037200080BD000080B582B000AF78607B68D3F8C0
:10373000D4321846FEF7EAFE7B689B7A002B05D050
:10374000044B1B69034A43F00603136100BF0837AB
:10375000BD4680BD00ED00E080B582B000AF78606E
:103760007B68D3F8D4321846FEF7E4FE00BF083772
:10377000BD4680BD80B582B000AF7860284A7B68C6
:10378000C2F8D4327B68264AC3F8C022244B254AAB
:103790001A60234B08221A71214B02229A71204B86
:1037A00000229A721E4B0022DA721D4B00221A73FD
:1037B0001B48F9F70CFC0346002B01D0F8F76CFB13
:1037C0007B68D3F8C002182300220021FBF71DF903
:1037D0007B68D3F8C002582300228021FBF715F93B
:1037E0007B68D3F8C002C02300228121FBF70DF9CA
:1037F0007B68D3F8C0024FF4887300220121FBF7E5
:1038000004F97B68D3F8C0024FF480730022822150
:10381000FBF7FBF8002318460837BD4680BD00BF04
:1038200098200020005C004080B584B000AF786034
:103830000023FB730023BB737B68D3F8C0321846A8
:10384000F9F7BBFC0346FB73FB7B184600F04EF90F
:103850000346BB73BB7B18461037BD4680BD80B5A1
:1038600084B000AF7860084611461A460346FB70E4
:103870000B46BB7013463B800023FB730023BB73D6
:103880007B68D3F8C002BB783A88F978F9F70FFE65
:103890000346FB73FB7B184600F028F90346BB7315
:1038A000BB7B18461037BD4680BD80B584B000AFE5
:1038B00078600B46FB700023FB730023BB737B68AF
:1038C000D3F8C032FA7811461846F9F74DFE034690
:1038D000FB73FB7B184600F009F90346BB73BB7B07
:1038E00018461037BD4680BD80B584B000AF786003
:1038F0000B46FB700023FB730023BB737B68D3F87C
:10390000C032FA7811461846F9F7F5FE0346FB7304
:10391000FB7B184600F0EAF80346BB73BB7B1846F6
:103920001037BD4680BD80B584B000AF78600B46CF
:10393000FB700023FB730023BB737B68D3F8C0329A
:10394000FA7811461846F9F736FF0346FB73FB7BFE
:10395000184600F0CBF80346BB73BB7B1846103704
:10396000BD4680BD80B485B000AF78600B46FB706B
:103970007B68D3F8C032FB6097F90330002B0BDA79
:10398000FB7803F07F02F96813469B001344DB00C9
:103990000B4412331B780BE0FB7803F07F02F968CD
:1039A00013469B001344DB000B4403F5A9731B78FB
:1039B00018461437BD4680BC704780B584B000AF50
:1039C00078600B46FB700023FB730023BB737B689E
:1039D000D3F8C032FA7811461846F9F744FD034689
:1039E000FB73FB7B184600F081F80346BB73BB7B7F
:1039F00018461037BD4680BD80B586B000AFF86070
:103A00007A601A460B46FB7213463B810023FB7516
:103A10000023BB75FB68D3F8C0023B89F97A7A684A
:103A2000F9F732FE0346FB75FB7D184600F05EF8A1
:103A30000346BB75BB7D18461837BD4680BD80B5B3
:103A400086B000AFF8607A601A460B46FB721346E8
:103A50003B810023FB750023BB75FB68D3F8C002D4
:103A60003B89F97A7A68F9F7C7FD0346FB75FB7D58
:103A7000184600F03BF80346BB75BB7D1846183767
:103A8000BD4680BD80B582B000AF78600B46FB704C
:103A90007B68D3F8C032FA7811461846F9F7DDFD95
:103AA000034618460837BD4680BD000080B483B089
:103AB00000AF7860024B18460C37BD4680BC70479B
:103AC0007023002080B483B000AF786000BF0C3753
:103AD000BD4680BC704780B483B000AF78600B46B1
:103AE000FB7000BF0C37BD4680BC704780B485B00A
:103AF00000AF0346FB710023FB73FB79032B17D840
:103B000001A252F823F000BF193B01081F3B010836
:103B1000253B01082B3B01080023FB730BE002232C
:103B2000FB7308E00123FB7305E00223FB7302E053
:103B30000223FB7300BFFB7B18461437BD4680BCD5
:103B4000704700BF0A22002100F07AB8242B2DE92B
:103B5000F0478646904601D8012B06D100F044FB81
:103B6000162303600020BDE8F0870D4633482A463F
:103B700015F8014B065D16F00806F8D12D2C10D172
:103B800001262C78951C33F0100215D1302C0DD164
:103B90002A7802F0DF02582A08D16C780235102307
:103BA0000AE02B2C04BF2C78951CECE7002BF6D1F7
:103BB000302C14BF0A230823002206F1004C0CF11C
:103BC000FF3CBCFBF3F9104603FB19CAA4F1300714
:103BD000092F0FD83C46A3421BDD571C07D0814557
:103BE00014D301D1A24511DB012200FB034015F8DB
:103BF000014BEBE7A4F14107192F01D8373CEAE765
:103C0000A4F16107192F04D8573CE4E74FF0FF32C5
:103C1000EDE7531C08D122236046CEF80030B8F1FE
:103C2000000FA0D0691E06E006B14042B8F1000FB7
:103C300099D0002AF6D1C8F8001094E7C3700108A3
:103C400013460A46014602480068FFF77FBF00BFDF
:103C5000E40100202DE9F04386460D46334E284608
:103C600015F8014B375D17F00807F8D12D2C10D14E
:103C700001272C78851C33F0100015D1302C0DD184
:103C8000287800F0DF00582808D16C78023510231E
:103C90000AE02B2C04BF2C78851CECE7002BF6D116
:103CA000302C14BF0A2308234FF0FF38B8FBF3F879
:103CB000002603FB08F930466FEA0909A4F1300C2D
:103CC000BCF1090F10D86446A3421EDDB6F1FF3FD8
:103CD00007D0804516D301D1A14513DB012600FB97
:103CE000034015F8014BE9E7A4F1410CBCF1190FB1
:103CF00001D8373CE8E7A4F1610CBCF1190F04D8F6
:103D0000573CE1E74FF0FF36EBE7731C06D1222367
:103D10003046CEF8003032B9BDE8F08307B14042FA
:103D2000002AF9D006B1691E1160F5E7C3700108D9
:103D300013460A46014602480068FFF78BBF00BFE2
:103D4000E4010020002310B50446C0E90033C0E9B7
:103D50000433836081814366C281836119460822EE
:103D60005C3000F079F90D4B246263620C4BA36266
:103D70000C4BE3620C4B23630C4B9C4206D003F1CB
:103D80006802944202D0D0339C4205D104F158001D
:103D9000BDE8104000F052BA10BD00BF393F010825
:103DA0005B3F0108933F0108B93F010890250020BF
:103DB000024A0349034800F06BB800BFD801002055
:103DC000754B0108E801002041680C4B10B5994281
:103DD000044601D000F0CEFEA168094B994202D002
:103DE000204600F0C7FEE168064B994204D0204609
:103DF000BDE8104000F0BEBE10BD00BF9025002001
:103E0000F8250020602600200C4B0D4A10B5042137
:103E10001A600C480022FFF795FF0A4B01221C464E
:103E2000092103F16800FFF78DFF04F1D0000222A1
:103E3000BDE810401221FFF785BF00BFC826002053
:103E4000B13D010890250020014800F0F8B900BFFD
:103E5000D1260020014800F0F3B900BFD126002090
:103E600010B50446FFF7F0FF236A1BB1BDE8104010
:103E7000FFF7F0BF044B2362044B1B68002BF5D106
:103E8000FFF7C2FFF2E700BFC93D0108C8260020C6
:103E90002DE9F8430746884614460026D4E90195E3
:103EA000B9F1010905D52468002CF7D13046BDE8E9
:103EB000F883AB89012B07D9B5F90E30013303D054
:103EC00029463846C04706436835E9E70CB430B5A3
:103ED000184B0C1E1D689DB008DA8B234FF0FF3085
:103EE0002B601DB0BDE8304002B070474FF4027344
:103EF000ADF814304FF000031B930CBF234604F1C0
:103F0000FF33049307934FF6FF7302900690ADF8CA
:103F10001630284621AB209A02A9019300F01CFB21
:103F2000431CBCBF8B232B60002CDAD00022029BE9
:103F30001A70D6E7E401002010B50C46B1F90E1056
:103F400000F02EF90028ABBF636DA3891B1823F482
:103F50008053ACBF6365A38110BD2DE9F0411F46BE
:103F60008B890546DB050C46164605D50223002243
:103F7000B1F90E1000F002F9A389324623F4805300
:103F8000A38128463B46B4F90E10BDE8F04100F08D
:103F900019B910B50C46B1F90E1000F0EFF8B4F9EC
:103FA0000C30421C0BBF23F4805343F48053A38195
:103FB000A38118BF606510BDB1F90E1000F0CEB836
:103FC00030B51446002C05461A469BB005DA8B2303
:103FD00003604FF0FF301BB030BD4FF40273ADF8FB
:103FE0000C304FF0000319930CBF234604F1FF334C
:103FF000029305934FF6FF7300910491ADF80E30D4
:1040000069461E9B00F0A8FA431CBCBF8B232B60A3
:10401000002CE0D00022009B1A70DCE707B500936B
:1040200013460A46014603480068FFF7C9FF03B07C
:1040300000BD00BFE401002010B5013902449042E8
:1040400001D1002005E0037811F8014FA34201D00F
:10405000181B10BD0130F2E703460244934200D121
:10406000704703F8011BF9E7034610B5013932B177
:1040700011F8014F013A03F8014B002CF7D1002150
:104080001A44934200D110BD03F8011BF9E7000068
:104090001B4B2DE9F0411C680646656C0F463DBB85
:1040A000502000F043F90246606420B95B21154BB3
:1040B000154800F0D5F88560626CC0E90055C2E98A
:1040C0000355626C2B46C2E90555626CC2E90A557C
:1040D000626CC2E90C55626CC2E90E55626CC2E9B1
:1040E0001055626CC2E91255626C1577656C6B6293
:1040F0002A4639463046BDE8F041012300F006B8B3
:10410000E4010020C3710108DA710108F0B504462A
:1041100008B9146844B10F46204614F8015B17F83B
:10412000016B1EB965B91560002005E0B542F6D1F6
:10413000002BF0D114600370F0BD1C460CE01DB9DB
:104140000E46274614F8013B16F8015BAB42F6D148
:10415000002BF2D000233B701460EDE738B500234C
:10416000054D044608462B60F7F75FFF431C02D15C
:104170002B6803B1236038BDCC26002038B5044637
:10418000084611460022054D2A601A46F7F771FFCE
:10419000431C02D12B6803B1236038BDCC2600201C
:1041A00038B50446084611460022054D2A601A46D5
:1041B000F7F702FF431C02D12B6803B1236038BD1F
:1041C000CC26002038B50446084611460022054D8D
:1041D0002A601A46F7F70DFF431C02D12B6803B182
:1041E000236038BDCC260020014B1868704700BF03
:1041F000E401002070B500260C4D0D4B5B1B9C109C
:10420000A64209D1002602F021FA0A4D0A4B5B1B97
:104210009C10A64205D170BD55F8043B9847013665
:10422000EEE755F8043B98470136F2E7BC76010803
:10423000BC760108BC760108C0760108704770475B
:1042400070470A44914200F1FF3300D1704710B526
:1042500011F8014B914203F8014FF9D110BD000054
:104260001FB514461A46094B05461B68D8684CB161
:10427000074BCDE9013400912B46064900F0A2FC22
:1042800000F0EAFC044B1C46F3E700BFE401002009
:1042900034720108417201086F72010838B5054691
:1042A000002940D051F8043C0C1F002BB8BFE41883
:1042B00000F0E6F81C4A136833B9636014602846BE
:1042C000BDE8384000F0E2B8A34208D920682118C0
:1042D0008B4201BF19685B6809182160EDE71A4637
:1042E0005B680BB1A342FAD911685018A0420BD1F8
:1042F00020680144501883421160E0D118685B685F
:10430000084410605360DAE702D90C232B60D6E72B
:10431000206821188B4201BF19685B680918216069
:1043200063605460CBE738BDD8260020024B0146BD
:10433000186800F025B800BFE401002070B50F4EEA
:104340000C463168054611B900F068FC3060214622
:10435000284600F063FC431C03D14FF0FF34204695
:1043600070BDC41C24F00304A042F8D0211A2846D2
:1043700000F054FC0130F2D1EFE700BFD42600205A
:104380002DE9F843CD1C25F0030508350C2D38BF69
:104390000C25002D064601DBA94204D90C2333600D
:1043A0000020BDE8F883DFF8D48000F069F8D8F881
:1043B00000301C4644BB29463046FFF7BFFF431C74
:1043C000044658D1D8F800402746002F43D1002C8E
:1043D0004BD023683946304604EB030900F01EFC3D
:1043E000814542D1216830466D1A2946FFF7A6FF64
:1043F00001303AD023682B442360D8F800305A6843
:1044000062BBC8F800700FE02268521B20D40B2A50
:1044100017D96119A342256018BF5960636808BFA6
:10442000C8F8001062514B60304600F02FF804F1DC
:104430000B00231D20F00700C21A1CBF1B1AA3503B
:10444000AFE76268A3420CBFC8F800205A60EBE7F0
:1044500023466468AEE73C467F68B6E71A465B6869
:10446000A342FBD100235360DEE70C2330463360C8
:1044700000F00CF894E70560D6E700BFD8260020CE
:104480000148FFF7DCBE00BFD02600200148FFF73F
:10449000D7BE00BFD02600202DE9F0471F468E680A
:1044A0008246BE420C469046334653D8B1F90C00C2
:1044B00010F4906F2BD065692368096905EB4505F9
:1044C000A3EB010905EBD5757B1C6D104B44AB428A
:1044D0002A4684BF1D462A46430527D51146504625
:1044E000FFF74EFF064658B34A462169FFF7A9FE7B
:1044F000A38923F4906343F08003A38126614E4493
:1045000026603B463E466561A5EB0905A5601F4652
:104510003A464146206800F067FB0020A3689B1BD9
:10452000A36023683B442360BDE8F087504600F059
:104530009AFB06460028E1D150462169FFF7AEFEFE
:104540000C23CAF80030A3894FF0FF3043F040033A
:10455000A381E9E73E46DBE72DE9F0471F468B895B
:1045600006461B060D4614469CB010D50B6973B960
:104570004021FFF705FF2860286130B90C23336024
:104580004FF0FF301CB0BDE8F08740236B61002383
:10459000099320238DF8293030234FF00108039729
:1045A000644F8DF82A302346994613F8012B0AB13F
:1045B000252AF9D1B9EB040A0BD0534622462946E5
:1045C0003046FFF769FF013000F0A480099A524499
:1045D000099299F80030002B00F09C8000234FF0E6
:1045E000FF32CDE9052309F10109049307938DF802
:1045F00053301A934C46052214F8011B4D4800F025
:104600001DFB049BD0B9D80644BF20228DF853204F
:10461000190744BF2B228DF8532099F800202A2A2D
:1046200013D04C4600204FF00A0C079A214611F88F
:10463000013B303B092B49D968B913E0C01B08FA8C
:1046400000F01843A1460490D4E7039A111D1268A4
:104650000391002A01DB079204E0524243F0020377
:104660000792049323782E2B0AD163782A2B32D118
:10467000039B02341A1D1B68039243EAE3730593FC
:10468000DFF8B49003224846217800F0D7FA38B119
:104690004022049BA0EB09008240134301340493A1
:1046A00014F8011B062225488DF8281000F0C6FAE0
:1046B000002835D0224818BB039B073323F007039B
:1046C00008330393099B034409936CE70C460120CC
:1046D0000CFB0232AAE700234FF00A0C1946013402
:1046E0000593204610F8012B303A092A03D9002BF4
:1046F000C6D00591C4E7044601230CFB0121F0E775
:1047000003AB00932A4630460E4B04A9AFF300805A
:10471000421CD7D1AB895B063FF532AF099831E730
:1047200003AB00932A463046064B04A900F07EF8FE
:10473000EEE700BF70720108767201087A72010814
:1047400000000000994401082DE9F04716469846FC
:104750008A680B6907469342B8BF1346336091F8E5
:1047600043200C46DDF820900AB101333360236802
:10477000990642BF336802333360256815F0060599
:1047800006D104F1190AE36832689B1AAB422BDCAC
:1047900094F843302268003B18BF0123920630D4BE
:1047A0004146384604F14302C847013023D023680C
:1047B000226903F00603042B14BF002533684FF071
:1047C000000608BFE56804F11A0408BFED1A54F8A2
:1047D000123C08BF25EAE5759342C4BF9B1AED1849
:1047E000B5421AD1002008E001235246414638461E
:1047F000C847013003D14FF0FF30BDE8F0870135E5
:10480000C1E73020E11881F843005A1C94F84510A4
:104810002244023382F84310C2E701232246414674
:104820003846C8470130E6D00136D9E72DE9F043D4
:104830000D7E85B0782D904607460C4699460C9E15
:1048400001F1430207D8622D0AD8002D00F0D7806D
:10485000582D00F0BC8004F1420684F842503BE041
:10486000A5F16303152BF6D801A151F823F000BF81
:10487000C9480108DD4801085748010857480108A0
:104880005748010857480108DD4801085748010802
:10489000574801085748010857480108E5490108E9
:1048A0000749010897490108574801085748010876
:1048B000074A0108574801080749010857480108F5
:1048C000574801089F49010833681A1D1B68326068
:1048D00004F1420684F842300123A1E033682068E5
:1048E000191D3160060601D51D6803E04506FBD59C
:1048F000B3F90050002D03DA2D236D4284F84330C4
:104900000A235B4811E021683368080653F8045B0A
:1049100002D4490648BFADB23360237E54486F2BA2
:104920005CD10823002184F843106668002EA6603D
:1049300005DB21682E4321F00401216050D016468A
:10494000B5FBF3F103FB115C10F80CC006F801CDC8
:10495000AC4663450D46F3D9082B0BD12368DB0722
:1049600008D5236961689942DEBF302306F8013C0F
:1049700006F1FF36921B2261434621463846CDF8A8
:10498000009003AAFFF7E0FE01304ED14FF0FF3058
:1049900005B0BDE8F083236843F020032360782549
:1049A000344884F845502368316813F0800F51F87B
:1049B000045B03D113F0400F18BFADB23160D907CB
:1049C00044BF43F0200323601DB11023AAE7284809
:1049D000E7E7236823F020032360F6E70A23A1E733
:1049E0001646B9E733682568181D616930602E06E0
:1049F0001B6801D5196002E06806FBD51980002309
:104A000016462361B8E7336800211A1D32601E681C
:104A10006268304600F012F908B1801B606063687C
:104A20002361002384F84330A6E7324641463846E6
:104A30002369C8470130A9D023689B0713D4E068D5
:104A4000039B9842B8BF1846A2E70123324641466D
:104A50003846C847013099D00135E36803995B1A9D
:104A6000AB42F2DCEBE7002504F11906F5E700BFE5
:104A70008172010892720108B1F90C20F8B516078D
:104A800005460C4651D44B68002B02DC0B6C002B06
:104A900049DDE66A002E46D0002312F480522F68CA
:104AA0002B6031D0626DA389590705D56368D21A8E
:104AB000636B0BB1236CD21A00232846E66A216A85
:104AC000B047421CB4F90C3006D129681D2945D8DD
:104AD000274ACA40D60741D5002262602269D9041C
:104AE000226004D5421C01D12B6803B96065616B5B
:104AF0002F60C1B104F14403994202D02846FFF768
:104B0000CDFB002363630EE001232846216AB047F2
:104B10000246501CC7D12B68002BC4D01D2B01D0DE
:104B2000162B19D12F6000201DE00F69002FFAD03D
:104B3000930718BF00230E6808BF4B69F61B0F6070
:104B40008B60002EEFDD33463A462846216AD4F8C2
:104B500028C0E047002807DCB4F90C304FF0FF30E4
:104B600043F04003A381F8BD0744361AE9E700BFCC
:104B70000100402038B50B6905460C4613B90025E5
:104B8000284638BD18B1036A0BB9FFF769F9B4F9C3
:104B90000C30002BF3D0626ED00704D4990502D4F8
:104BA000A06DFFF74CFB28462146FFF765FF636EBB
:104BB0000546DA07E4D4A3899B05E1D4A06DFFF78D
:104BC0003FFBDDE70EB403B5014603AB054853F8E0
:104BD000042B0068019300F09BF802B05DF804EB31
:104BE00003B07047E4010020884210B501EB0204D5
:104BF00002D98442234607D8431EA14207D011F8A8
:104C0000012B03F8012FF8E70244824200D110BDC6
:104C100013F8011D02F8011DF7E7000038B5002365
:104C2000054D044608462B60F7F730FA431C02D1C5
:104C30002B6803B1236038BDCC260020034610B595
:104C4000C9B202449342184601D1002003E004781F
:104C500001338C42F6D110BD062008B500F026FACB
:104C60000120F7F79EF92DE9F041074614460D465D
:104C700021B91146BDE8F041FFF782BB2AB9FFF721
:104C80000DFB25462846BDE8F08100F02BFA844252
:104C9000064602D8B4EB500FF4D821463846FFF749
:104CA0006FFB804608B94546ECE7B44222462946E8
:104CB00028BF3246FFF7C5FA29463846FFF7EEFA15
:104CC000F1E7936810B4013B002B936007DA946915
:104CD000A34201DB0A2902D110BC00F02DB91368F0
:104CE000581C10601970084610BC7047F8B506468D
:104CF0000F461446D518AC4201D1002007E03A46D1
:104D0000304614F8011BFFF7DCFF431CF3D1F8BD5C
:104D10002DE9F0470D4614461F4606469CB018B1D3
:104D2000036A0BB9FFF79CF86B6ED90705D4AB8902
:104D30009A0502D4A86DFFF782FAAB891B0701D54B
:104D40002B699BB92946304600F034F970B16B6E7F
:104D5000DC0704D54FF0FF301CB0BDE8F087AB890D
:104D60009805F7D4A86DFFF76BFAF3E700230993D2
:104D700020238DF8293030234FF001080397694F25
:104D80008DF82A302346994613F8012B0AB1252ABB
:104D9000F9D1B9EB040A0BD05346224629463046D6
:104DA000FFF7A4FF013000F0A480099A5244099251
:104DB00099F80030002B00F09C8000234FF0FF3268
:104DC000CDE9052309F10109049307938DF85330C8
:104DD0001A934C46052214F8011B5248FFF72EFF88
:104DE000049BD0B9D90644BF20228DF853201A075E
:104DF00044BF2B228DF8532099F800202A2A13D083
:104E00004C4600204FF00A0C079A214611F8013B4E
:104E1000303B092B49D968B913E0C01B08FA00F0F0
:104E20001843A1460490D4E7039A111D1268039118
:104E3000002A01DB079204E0524243F0020307928A
:104E4000049323782E2B0AD163782A2B32D1039B2B
:104E500002341A1D1B68039243EAE3730593DFF8DB
:104E6000C890032248462178FFF7E8FE38B1402277
:104E7000049BA0EB0900824013430134049314F80F
:104E8000011B062229488DF82810FFF7D7FE0028BD
:104E90003ED0274818BB039B073323F00703083392
:104EA0000393099B034409936CE70C4601200CFB18
:104EB0000232AAE700234FF00A0C19460134059389
:104EC000204610F8012B303A092A03D9002BC6D00E
:104ED0000591C4E7044601230CFB0121F0E703AB75
:104EE00000932A463046134B04A9AFF30080431CBD
:104EF000D7D16B6ED90705D4AB899A0502D4A86DBA
:104F0000FFF79EF9AB895B063FF524AF099823E7CD
:104F100003AB00932A463046064B04A9FFF786FCF4
:104F2000E5E700BF70720108767201087A72010825
:104F300000000000ED4C0108F8B50E461446054689
:104F400018B1036A0BB9FEF78BFFA369A360A389AD
:104F50001A0701D5236943B92146284600F02AF8EB
:104F600018B14FF0FF373846F8BD23682269F6B212
:104F7000981A63693746834205DC21462846FFF7C5
:104F8000F9FD0028EDD1A368013BA36023685A1CFA
:104F900022601E706269431C9A4204D0A389DB0719
:104FA000E1D50A2EDFD121462846FFF7E3FD002890
:104FB000D9D0D6E738B5284B054618680C4618B145
:104FC000036A0BB9FEF74CFFB4F90C301A0721D471
:104FD000D80607D409222A6043F040034FF0FF307F
:104FE000A38130E0590712D5616B41B104F144034C
:104FF000994202D02846FFF751F90023636300224B
:10500000B4F90C306260226923F02403226043F07B
:105010000803A38122693AB99A0501D5180603D578
:105020002146284600F08AF8B4F90C3013F001024A
:105030000AD00022A26062695242A261226942B98A
:1050400013F08000C8D138BD990758BF6269A260CB
:10505000F4E70020F7E700BFE40100201F2938B57E
:1050600005460C4604D9162303604FF0FF3038BDC7
:10507000C26B12B152F821304BB9284600F030F81B
:10508000224601462846BDE8384000F017B8012BFB
:105090000AD0591C03D1162303600120E7E7002141
:1050A000204642F8241098470020E0E7024B0146D2
:1050B0001868FFF7D3BF00BFE401002038B5002314
:1050C000064D0446084611462B60F6F75AFF431C6E
:1050D00002D12B6803B1236038BD00BFCC2600206D
:1050E000F6F748BF51F8043C181F002BBCBF0B5803
:1050F000C018704770B50C46B1F90E10154600295E
:105100001E4696B00ADAA18911F0800113D14FF43E
:105110008062002031602A6016B070BD6A4600F0DF
:1051200047F80028EFDB019901F47041A1F5005325
:1051300059425941EBE700214022EAE78B8973B5D8
:105140009E0705460C4607D504F1470323602361FB
:105150000123636102B070BD01AB6A46FFF7CAFF6D
:10516000009E28463146FFF70BF9B4F90C3038B9E8
:105170009A05EFD423F0030343F00203A381E3E78E
:1051800043F08003A381019BC4E904062060002B47
:10519000E0D02846B4F90E1000F01CF80028D9D051
:1051A000A38923F0030343F00103A381D2E70000A6
:1051B00038B50023064D0446084611462B60F6F725
:1051C0003FFF431C02D12B6803B1236038BD00BFF1
:1051D000CC26002038B50023054D044608462B6038
:1051E000F6F73DFF431C02D12B6803B1236038BDA5
:1051F000CC26002000F00ABB38B5044600F0B2F817
:10520000214605462046EBF789FD20B920460021BE
:10521000EBF75CFD08B9284638BDFEF7E5FF212213
:10522000034600211A600846EBF766FC054628464F
:1052300038BD00BF174A20F00043934219D900B58A
:10524000B3F1FF4F83B004D30146EBF797FA03B0F5
:1052500000BD694600F062FB024602F00302012A2B
:10526000009801990DD0022A06D07AB900F090F981
:10527000EDE7002100F08CB900F08AF900F1004060
:10528000E5E700F04DFA00F10040E0E7012200F010
:1052900047FADCE7D80F493F184A20F00043934211
:1052A0001AD900B5B3F1FF4F83B004D30146EBF731
:1052B00065FA03B000BD694600F030FB034603F019
:1052C0000303012B0098019910D0022B08D083B959
:1052D000012200F025FAECE70022002100F020BABC
:1052E000012200F01DFA00F10040E2E700F050F961
:1052F000DFE700F04DF900F10040DAE7D80F493F51
:10530000C0F3C7520028A2F17F0CACBF01214FF0BF
:10531000FF31BCF11E0F08B510DCBCF1000F1BDB28
:10532000C0F31603BCF1160F43F400030BDD963AED
:1053300003FA02F202FB01F1084608BDEBF704FD97
:105340000146084608BD4FF4800242FA0CF2CCF147
:1053500017001A44C240EDE7BCF1FF3F18BF00211F
:10536000084608BD20F00042B2F1FF4F2DE9F041A0
:1053700004464FD2002A4BD00028034654DB10F0DD
:10538000FF424FD15B001802114602F10102F9D52C
:1053900049420024C3F31602A1F17F05CB074FF069
:1053A000190E4FF0807C214642F4000258BF520093
:1053B0006D10520001EB0C039342CFBF134603EB79
:1053C0000C016444D31ABEF1010E4FEA43024FEAC6
:1053D0005C0CEFD1BBB11A4E1A4F30683968EBF74D
:1053E000CDF9D6F8008001464046EBF779FC50B184
:1053F00030683968EBF7C4F9366801463046EBF798
:1054000065FCC8B10234601000F17C5000EBC5505F
:10541000BDE8F0810146EBF7BBFA2146EBF7B0F9A6
:10542000BDE8F081C115B4E70146EBF7A7F90146E5
:10543000EBF762FBBDE8F081013424F00104E2E700
:10544000A8720108A47201082DE9F041C0F3C75504
:105450007F3D162D044620F0004717DC002D8046C6
:105460001FDB194F2F41384213D01849EBF788F949
:105470000021EBF749FC60B1002C03DD4FF4000381
:105480002B41984428EA0700BDE8F081B7F1FF4FAF
:1054900002D22046BDE8F0810146EBF771F9BDE884
:1054A000F0810A49EBF76CF90021EBF72DFC00289D
:1054B000EFD0002C05DB17B14FF07E50EAE700205B
:1054C000E8E74FF00040E5E7FFFF7F00CAF24971CF
:1054D0002DE9F041C0F3C7557F3D162D044620F05D
:1054E000004717DC002D80461FDB194F2F41384243
:1054F00013D01849EBF744F90021EBF705FC60B134
:10550000002C03DA4FF400032B41984428EA0700EB
:10551000BDE8F081B7F1FF4F02D22046BDE8F0812F
:105520000146EBF72DF9BDE8F0810A49EBF728F9C0
:105530000021EBF7E9FB0028EFD0002C01DB002075
:10554000ECE717B94FF00040E8E70348E6E700BF93
:10555000FFFF7F00CAF24971000080BF08B5C0F3A9
:10556000C7537F3B162B0ADC002B024600F000409D
:1055700004DB064941FA03F31340184308BD802BAE
:105580000146FBD1EBF7FCF808BD00BF000080FF2F
:105590002DE9F84320F00046B6F1485F05468846FD
:1055A0004BD2EBF7D1FB002800F0A180294628461A
:1055B000EBF7EEF904465049EBF7EAF94F49EBF700
:1055C000DFF82146EBF7E4F94D49EBF7D7F8214630
:1055D000EBF7DEF94B49EBF7D3F82146EBF7D8F9B7
:1055E0004949EBF7CBF82146EBF7D2F94749EBF7FE
:1055F000C7F82146EBF7CCF907464FF07C5120461F
:10560000EBF7C6F90346394620461C46EBF7C0F9CE
:105610000346414628461D46EBF7BAF9014628469F
:10562000EBF7ACF801462046EBF7A8F801464FF03F
:105630007E50EBF7A3F8BDE8F8830146EBF7A8F935
:1056400004462D49EBF7A4F92C49EBF799F82146CC
:10565000EBF79EF92A49EBF791F82146EBF798F919
:105660002849EBF78DF82146EBF792F92649EBF73D
:1056700085F82146EBF78CF92449EBF781F82146B0
:10568000EBF786F9224B07469E42B6D9214B9E4244
:1056900029D806F17F4631464FF07E50EBF76EF881
:1056A000814620464FF07C51EBF772F93146EBF71B
:1056B00065F80346394620461C46EBF769F9034670
:1056C000414628461D46EBF763F901462846EBF7AD
:1056D00055F801462046EBF751F801464846EBF7EE
:1056E0004DF8BDE8F883DFF830900C4ED9E74FF065
:1056F0007E50BDE8F88300BF4ED747ADF6740F313A
:105700007CF29334010DD037610BB63AABAA2A3D37
:105710009999993E0000483F0000383F0000903EB4
:105720002DE9F84320F00043B3F1485F04460E46EC
:10573000904603D2EBF708FB002858D021462046BC
:10574000EBF726F9054620462946EBF721F92949CA
:1057500081462846EBF71CF92749EBF70FF8294655
:10576000EBF716F92549EBF70BF82946EBF710F99B
:105770002349EBF703F82946EBF70AF92149EAF741
:10578000FFFF0746B8F1000F22D030464FF07C51A2
:10579000EBF7FEF8394607464846EBF7F9F80146BD
:1057A0003846EAF7EBFF2946EBF7F2F83146EAF71D
:1057B000E5FF154905464846EBF7EAF80146284655
:1057C000EAF7DEFF01462046EAF7D8FFBDE8F88396
:1057D00001462846EBF7DCF80B49EAF7CFFF4946CC
:1057E000EBF7D6F82146EAF7CBFFBDE8F883204671
:1057F000BDE8F883D3C92E2F342FD7321BEF3836AC
:10580000010D50398988083CABAA2A3E70B521F0B9
:105810000045B5F1FF4F0A4603462CD820F000465C
:10582000B6F1FF4F844626D8B1F17E5F35D08C1794
:1058300004F0020444EAD07416B33DB3B5F1FF4F4F
:1058400033D0B6F1FF4F21D0761BB6F1F45F4FEAAB
:10585000E65028DA002933DA3C3031DA0020012C16
:105860003FD0022C35D02CB12449EAF789FF2449D6
:10587000EAF784FF70BD19461046EAF781FF70BD54
:10588000022C08D0032CF5D11E4870BDBCF1000FCE
:1058900007DB1D4870BD1A4870BDBDE8704000F0C0
:1058A000ABB91A4870BD1848D9E7B6F1FF4F04F1FB
:1058B000FF3419D0022C1DD8154B53F8240070BDAD
:1058C00011461846EBF718F900F0ACFA00F094F91D
:1058D000C5E70A49EAF754FF01460948EAF74EFFCF
:1058E00070BD00F1004070BD022C05D8094B53F883
:1058F000240070BD002070BD074870BD2EBDBB33B5
:10590000DB0F4940DB0F49C0DB0FC93FDB0FC9BFCD
:10591000AC720108B8720108DB0F493F2DE9F04F66
:10592000A84A20F0004595420C4689B06FD9A64A96
:10593000064695421FD820F000450028A34925F0CF
:105940000F0540F31981EAF719FFA14B06469D4266
:105950006BD0A049EAF712FF054630462946EAF720
:105960000DFF9C49EAF70AFF012725606060384671
:1059700009B0BDE8F08F984A954266D9B5F1FF4F5E
:105980004DD2EF15863FA5EBC7552846EBF7DCF95E
:10599000EAF7AAFF014628460591EAF7EFFE4FF025
:1059A0008741EAF7F5FF8046EBF7CEF9EAF79CFF6F
:1059B0000546404629460695EAF7E0FE4FF0874146
:1059C000EAF7E6FF00210790EBF776F9002800F0F0
:1059D000B18028460021EBF76FF9002814BF01239E
:1059E000022302257D493A46019105A821460095EA
:1059F00000F01CFA002E0746B9DAD4E9002302F1C0
:105A0000004203F10043226063604742AFE7002297
:105A100020604A600027384609B0BDE8F08F014693
:105A2000EAF7ACFE60602060F4E76D49EAF7A6FE95
:105A30006C490646EAF7A2FE054630462946EAF7D3
:105A40009DFE6849EAF79AFE8EE700F0EBF9664999
:105A50008046EAF79DFF4FF07C51EAF791FEEBF7A5
:105A600073F90746EAF740FF58498346EAF790FF83
:105A700001464046EAF782FE564982465846EAF712
:105A800087FF814650464946EAF778FE1F2F804639
:105A90001FDC564B7A1E53F8222026F0004323F0D9
:105AA000FF03934215D0C4F8008041465046EAF700
:105AB00065FE4946EAF762FE002E6060BFF657AF0A
:105AC00008F1004800F10040C4F8008060607F42A7
:105AD0004DE7C8F3C753C3EBD553082B4FEAE55244
:105AE000E1DD3F4958460392EAF752FF80465046AF
:105AF0004146EAF743FE054650462946EAF73EFE90
:105B00004146EAF73BFE804636495846EAF740FFF1
:105B10004146EAF733FE814628464946EAF72EFE1B
:105B2000039AC0F3C753D21A192A804604DCAA4646
:105B30002060BAE7032354E72D495846EAF728FFC7
:105B4000804628464146EAF719FE824628465146D5
:105B5000EAF714FE4146EAF711FE05462549584684
:105B6000EAF716FF2946EAF709FE814650464946FC
:105B7000EAF704FE804696E7EAF702FE144B064673
:105B80009D420FD01349EAF7FBFD054630462946F2
:105B9000EAF7F4FD0F49EAF7F3FD4FF0FF37256010
:105BA0006060E4E60E49EAF7EBFD0E490646EAF7C7
:105BB000E7FD054630462946EAF7E0FD0949EAF7E0
:105BC000DFFDEAE7D80F493FE3CB1640800FC93F1E
:105BD000D00FC93F43443537800F49434473010810
:105BE0000044353708A3852E84F9223FC47201088A
:105BF00000A3852E32318D242DE9F04120F000459F
:105C0000B5F1A14F0446074608D3B5F1FF4F73D84D
:105C1000002840F3A1806F48BDE8F0816E4B9D42A3
:105C20007AD8B5F1445F6CD34FF0FF382146204657
:105C3000EAF7AEFE01460646EAF7AAFE05466749C0
:105C4000EAF7A6FE6649EAF79BFD2946EAF7A0FEB9
:105C50006449EAF795FD2946EAF79AFE6249EAF7B0
:105C60008FFD2946EAF794FE6049EAF789FD294647
:105C7000EAF78EFE5E49EAF783FD3146EAF788FED1
:105C80005C4906462846EAF783FE5B49EAF776FD5B
:105C90002946EAF77DFE5949EAF770FD2946EAF7F9
:105CA00077FE5749EAF76AFD2946EAF771FE55493A
:105CB000EAF764FD2946EAF76BFE01463046EAF74B
:105CC0005FFD2146EAF764FEB8F1FF3F014646D08A
:105CD0004D4B4E4D53F82810EAF750FD2146EAF798
:105CE0004DFD014655F82800EAF748FD002F93DAEC
:105CF00000F10040BDE8F0810146EAF741FDBDE852
:105D0000F0814349EAF73CFD4FF07E51EAF7FCFF92
:105D1000002889D020467FE700F084F83D4B0446F8
:105D20009D4221D8A3F5D0039D423FD80146EAF712
:105D300027FD4FF07E51EAF721FD03464FF08041E9
:105D400020461C46EAF71CFD01462046EAF7D4FE31
:105D50004FF00008044669E72F48BDE8F08120466F
:105D6000EAF70CFDBDE8F0812C4B9D4216D84FF0B0
:105D70007F51EAF703FD03464FF07F5120461C4652
:105D8000EAF706FE4FF07E51EAF7FAFC014620469C
:105D9000EAF7B2FE4FF00208044647E70146204802
:105DA000EAF7AAFE4FF0030804463FE74FF07E51A2
:105DB000EAF7E4FC03464FF07E5120461C46EAF722
:105DC000DFFC01462046EAF797FE4FF00108044643
:105DD0002CE700BFDB0FC93FFFFFDF3ED769853CE3
:105DE00059DA4B3D356B883D6E2EBA3D2549123E42
:105DF000ABAAAA3E21A215BD6BF16E3D95879D3DD4
:105E0000388EE33DCDCC4C3E5C7601086C760108C3
:105E1000CAF24971FFFF973FDB0FC9BFFFFF1B406D
:105E2000000080BF20F00040704700BF2DE9F04F18
:105E3000DDB0B34C669D9C468046013B101D54F876
:105E400025A009910193C0F2C582D31E48BF131D3E
:105E5000DB1006930133DB000A930A9B0699D31AE1
:105E600004930CF1FF331AEB0307A1EB030520D4D5
:105E700001372F443B4620AE3746002493461E464A
:105E8000DDF89C91CDF800C008E059F82500EAF74C
:105E90002BFD0135B54247F8040B07D0002DF4DA8D
:105EA00020460135B54247F8040BF7D15A46DDF8D4
:105EB00000C0BAF1000FC0F23F8301980021834671
:105EC000A8F104040DF18009029409EB8C0948AF94
:105ED0004FEA8C050AEB0C0304EB8C06002880F2D9
:105EE000B0810BF1010B9B4547F8041B09F1040934
:105EF000F4D1029B54461D440CAB03EB8A03043BD4
:105F000007930CAB03EB8A03CDF80CA09A460B92D7
:105F1000CDF820C00DEB8403002CD3F820B14FEA5C
:105F200084092EDD4B460DF590780CAF08EB090681
:105F30000094A9463C465D4637469B464FF06E515D
:105F40002846EAF725FDEAF7FFFEEAF7CDFC4FF019
:105F500087410646EAF71CFD01462846EAF70EFC93
:105F6000EAF7F2FE57F8041D44F8040B3046EAF74E
:105F700007FC47450546E1D15B464D4683469946B9
:105F8000009CDDF810805846414600F007FB4FF0BA
:105F900078510646EAF7FCFCFFF79AFA4FF0824187
:105FA000EAF7F6FC01463046EAF7E8FB0746EAF76F
:105FB000CBFE0646EAF798FC01463846EAF7DEFBD8
:105FC0004146002907467EDD621E0CAB53F82230A5
:105FD000C8F1080043FA00F101FA00F01B1AC8F1F9
:105FE000070843FA08F80E44B8F1000F0CA941F86D
:105FF000223000F3138100213846EAF75DFE0028C5
:1060000000F0BA80039B9C420CDD002209F13003B2
:106010006B4453F8041D534542EA0102F9D1002AAA
:1060200040F03681039B0CAA013B52F82330661CDA
:10603000002B40F004810123079A52F8041D01331C
:106040000029FAD0E218089B20AF1C44069B07EBFE
:10605000840703EB060808F18048679B08F1FF38C6
:1060600003EB880848AB99440092CDF814A058F887
:10607000040FEAF739FC019B47F8040B002B1ADBED
:10608000BA460024DDF808B05AF8041D5BF8040F86
:10609000EAF77EFC01462046EAF772FBAB45044670
:1060A000F2D1009B01369E4249F8044FDFDD1C46C9
:1060B000DDF814A02EE70024009B01369E4249F82B
:1060C000044FD4DDF3E700F08F804FF07C51EAF706
:1060D00011FE804600288ED0002CC8BF4FF0020869
:1060E00006F1010640F31F8200210CAA52F8043B7E
:1060F000002B75D0C3F5807342F8043C07E000BF65
:10610000A87601081368C3F1FF0342F8043B01318C
:106110008C42F7DC0123049A002A0DDD012A00F0ED
:106120004F81022A08D1611E0CAA52F821200CA826
:1061300002F03F0240F82120B8F1020F7FF45BAF7C
:1061400039464FF07E500093EAF718FB009B074654
:10615000002B3FF450AF04994FF07E5000F01EFA30
:1061600001463846EAF70AFB074600213846EAF7B7
:10617000A3FD00287FF446AFDDE90A323846991ABC
:10618000DDF80CA000F00AFA4FF08741A146044662
:10619000EAF7B0FD002800F0A6814FF06E512046CE
:1061A000EAF7F6FBEAF7D0FDEAF79EFB4FF08741EE
:1061B0000546EAF7EDFB01462046EAF7DFFAEAF783
:1061C000C3FD0CAB43F82900049B28460833049315
:1061D000EAF7BAFD09F101070CAB43F827006EE0BE
:1061E00001318C4282DC96E7631E0CAA52F8233000
:1061F0004FEAE318B8F1000F7FF7FDAE002C06F16F
:1062000001063FF771AFB8F1020F7FF4F4AE3946E3
:106210004FF07E50EAF7B2FA0746ECE6002C06F1A2
:1062200001063FF761AF0499012900F09881022926
:10623000E9D103F03F030CA941F82230E3E73246ED
:1062400001E7CDF800A09846DA460392CDF814C0D5
:106250000795CB460024029D5BF8041D55F8040FFA
:10626000EAF796FB01462046EAF78AFAB542044669
:10627000F2D10AF1010AC24547F8040B09F10409F9
:10628000E7D1DDF800A0039ADDF814C0079D30E6E1
:10629000DDE903A3671EA3F108020CAB53F8273016
:1062A000049263B904F18043013B0CA901EB830321
:1062B00053F8041D013F083A0029F9D004924FF029
:1062C0007E50049900F06AF9002F0546C0F23A8129
:1062D0007C1C0CAA02EB840BA30000964FF06E59B5
:1062E0005E469B4648AA02EB840456F8040DEAF782
:1062F000FBFA2946EAF74CFB494644F8040D2846C8
:10630000EAF746FB0CAB9E420546EED10025009E07
:10631000ABF1080248A901EB0209BAF1000F34AA57
:106320000196CDF808804E46A84600971546CDF850
:106330000CB024DB374600244FF0000BDFF85892F6
:106340000EE057F8041F59F8040BEAF721FB014649
:106350002046EAF715FA0BF1010BDA45044601DB9A
:10636000C345EEDD009A45F8044B904508F1010362
:10637000A6F1040605D0BAF1000F9846DADA002437
:10638000F0E7669A009F022A039BDDE9016852DC70
:10639000002A24DC0FD1002034AAD41854F8041D9C
:1063A000EAF7EEF934ABA342F8D1B8F1000F40F0B0
:1063B000AC80099B186006F007005DB0BDE8F08F67
:1063C000611E0CAA52F821200CA802F07F0240F8AE
:1063D0002120B1E608230A93002306933DE500251A
:1063E000284634AADDF8D0A0D41854F8041DEAF7E2
:1063F000C7F934ABA342F8D105465046B8F1000FB7
:1064000079D12946EAF7BAF9099B1D6067B10125E0
:1064100054F8041F0135EAF7B3F9AF42F8DAB8F1DE
:10642000000F01D000F10040099B586006F0070002
:106430005DB0BDE8F08F669B032BBCD1002F00F050
:106440009C8034AB03EB870BDA46BD0053F8274042
:1064500000955AF8045C20462946EAF791F9A146CE
:10646000044628462146EAF789F94946EAF788F9B9
:1064700034ABCAF800004AF8044D5345E9D1012F66
:10648000009D7AD05C591F1D5BF804AC2046514634
:10649000EAF776F9A146044650462146EAF76EF936
:1064A0004946EAF76DF9CBF800004BF8044D5F451B
:1064B000EAD1002034AB2C1D1C4403F1080954F828
:1064C000041DEAF75DF9A145F9D1349A359BB8F17D
:1064D000000F1DD109990A604B60886006F0070023
:1064E0005DB0BDE8F08F2046EAF72EFC0CAB4F46BE
:1064F00043F82900E3E6099A05F1004329461360B1
:10650000EAF73CF9002F82D18CE700F1004050E718
:10651000099902F1004203F1004300F100400A60D2
:106520004B608860DAE739464FF07E50EAF726F98B
:106530004FF0020807465EE5A8F1040302934FEA14
:106540008C05D6E4669B022B13DC002B17DC7FF452
:1065500032AF0020B8F1000F3FF42BAFD5E703F0C6
:106560007F030CA9B8F1020F41F822307FF443AD4C
:106570004DE6669B032B7FF41EAF0020A5E7349801
:10658000B8F1000F04D04FF00043099A136049E7B7
:106590000023099A136047E77C76010810B50C4682
:1065A00030F0004103461DD0B1F1FF4F1BD210F077
:1065B000FF4F02461BD14FF09841EAF7E9F9204A14
:1065C000034694422CDBC0F3C75102464CF25030D4
:1065D0008442A1F1190110DD18461A4961F31E0029
:1065E000EAF7D6F910BD0146EAF7CAF810BD4CF239
:1065F000503084424FEAD151EEDC2144FE29EBDCDD
:10660000002911DC11F1160F13DB01F1190022F042
:10661000FF424FF04C5142EAC050EAF7B9F910BDC1
:106620000949EAF7B5F910BD22F0FF4242EAC1502C
:1066300010BD1846044961F31E00EAF7A9F910BD20
:10664000B03CFFFFCAF249716042A20DF8B500BF2D
:10665000F8BC08BC9E467047F8B500BFF8BC08BC43
:046660009E4670479B
:106664004D3300004D350000245800000D0A000091
:1066740020470000204D00006F6B0D0A0000000051
:106684006572726F723A0000414C41524D3A0000FB
:106694005B4D53473A000000526573657420746F74
:1066A40020636F6E74696E756500000027244827A7
:1066B4007C2724582720746F20756E6C6F636B00E1
:1066C40043617574696F6E3A20556E6C6F636B65C8
:1066D40064000000456E61626C6564004469736126
:1066E400626C656400000000436865636B20446F5E
:1066F4006F720000436865636B204C696D69747345
:106704000000000050676D20456E6400526573748C
:106714006F72696E672064656661756C74730000DE
:10672400526573746F72696E67207370696E646CFE
:1067340065000000536C656570696E6700000000B9
:106744000D0A4772626C20312E3166205B272427A4
:1067540020666F722068656C705D0D0A0000000091
:106764005B484C503A2424202423202447202449E5
:1067740020244E2024783D76616C20244E783D6C94
:10678400696E6520244A3D6C696E652024534C5023
:10679400202443202458202448207E2021203F20E8
:1067A4006374726C2D785D0D0A0000005B505242D8
:1067B4003A0000005B47000032380000333000002C
:1067C4005B4739323A0000005B544C4F3A000000FA
:1067D4005B47433A4700000033382E002054000042
:1067E4002046000020530000244E00005B56455212
:1067F4003A312E31662E32303137303830313A006A
:106804005B4F50543A0000005B6563686F3A2000A8
:1068140049646C650000000052756E00486F6C643A
:106824003A0000004A6F6700486F6D650000000081
:10683400416C61726D000000436865636B00000089
:10684400446F6F723A000000536C6565700000007D
:106854007C4D506F733A00007C57506F733A0000C0
:106864007C42663A000000007C46533A0000000077
:106874007C506E3A000000007C57434F3A00000001
:106884007C4F763A000000007C413A004F55543169
:10689400000000004F555432000000004F5554339F
:1068A400000000004F55543400000000585F4C496C
:1068B4004D49542F494E3100595F4C494D49542F8D
:1068C400494E32005A5F4C494D49542F494E3300CA
:1068D40050524F42452F494E34000000494443373B
:1068E4002F50423400000000494443382F504233B3
:1068F4000000000049444331302F5043313200003E
:10690400464C5549440000005350494E444C450000
:106914005041555345000000554E4C4F434B000029
:1069240052535400434500004443000044494E0080
:10693400434C4B004D41534833204752424C0000D6
:106944004E4F4B49412035313130000050434438DB
:106954003534342052454144590000005553423ADD
:10696400204F50454E0000005553423A20574149AC
:10697400540000004C45443A204F4E004C45443AE4
:106984002048454152540000444953504C41592039
:106994005445535400000000001318040F063A56DF
:1069A4004D030A06303E0F00001318011106383457
:1069B4004D060D0B31370F00524553554D45000020
:1069C400555342204F50454E00000000555342207D
:1069D40057414954000000005350494E444C45204F
:1069E400256C752052504D002563256C752E25307D
:1069F400326C7500414C41524D000000484F4C44EC
:106A040000000000444F4F520000000052554E0059
:106A14004A4F470049444C4500000000484F4D454B
:106A2400000000004D41434833204752424C0000CF
:106A3400202020202B302E30300000004C494D49BE
:106A44005453000053544152540000000D0A4D6148
:106A54007368335F6772626C20626F617264207462
:106A64006573740D0A0000003F207C2073207C2095
:106A7400656E20302F31207C206F757420312E2ECE
:106A84003420302F310D0A0064697220782F792F59
:106A94007A2F6120302F31207C2073746570207828
:106AA4002F792F7A2F61204E207C207370696E64B9
:106AB4006C6520302F310D0A0000000070776D20C6
:106AC400302E2E31303030207C20696463207C20CD
:106AD4006F75747465737420312E2E34207C207588
:106AE400736220302F31207C206379636C650D0A3A
:106AF4000D0A00000D0A5354415455530D0A000069
:106B04004C45443D257520454E3D25752050574D37
:106B14003D25752F3130303020434352313D256CB3
:106B240075205553425F50554C4C55505F5043317E
:106B3400313D25750D0A000025733D2575200000A3
:106B44000D0A0000252D3132733D25750D0A000014
:106B54000D0A4944432F4C434420636F6E6E6563B2
:106B6400746F722C20746F7020766965770D0A003B
:106B7400313D2B355620323D474E440D0A0000006E
:106B8400332050423820204C434420434C4B0D0AC0
:106B940000000000342050423920204C434420445B
:106BA400494E0D0A00000000352050423620204C8A
:106BB40043442043450D0A00362050423720204CE0
:106BC40043442044430D0A003720504234202054CB
:106BD4004F55434820444F3D25750D0A00000000E1
:106BE40038205042332020544F5543482043533DCE
:106BF40025750D0A00000000392050443220204C35
:106C04004344205253540D0A0000000031302050F8
:106C140043313220544F554348204952513D257544
:106C24000D0A0D0A00000000455252206F75747061
:106C34007574206D75737420626520312E2E340DA9
:106C44000A0000004F4B2025733D256C750D0A008A
:106C54004552522061786973206D757374206265A2
:106C640020782C792C7A2C610D0A00004F4B20449B
:106C740049522025633D256C750D0A004F4B205366
:106C840054455020256320256C750D0A0000000032
:106C94002573204F4E0D0A002573204F46460D0ADA
:106CA400000000004F4B206379636C650D0A0000FF
:106CB40054657374696E672025733A204750494FB1
:106CC40020484947482F4C4F572031302074696D74
:106CD40065730D0A000000002573204750494F3D9D
:106CE400310D0A002573204750494F3D300D0A00ED
:106CF4004F4B206F75747465737420256C750D0A81
:106D04000000000020090D0A000000003F00000000
:106D140068656C7000000000730000007374617497
:106D24007573000069646300656E00004F4B204575
:106D34004E3D25640D0A00006F7574006F75747400
:106D440065737400646972007374657000000000F8
:106D54007370696E646C65004F4B2050574D3D2530
:106D6400752F313030300D0A0000000070776D004F
:106D7400757362004F4B205553422070756C6C75CF
:106D84007020636F6E6E65637465640D0A000000A5
:106D94004F4B205553422070756C6C75702064699C
:106DA40073636F6E6E656374696E670D0A0000002D
:106DB4006379636C6500000045525220756E6B6EFA
:106DC4006F776E20636F6D6D616E642E20547970E1
:106DD40065203F0D0A000000414C41524D00000067
:106DE400484F4D450000000052554E00484F4C445A
:106DF400000000004A4F4700444F4F52000000007B
:106E0400434845434B000000534C454550000000A7
:106E140049444C450000000053544D333220566918
:106E2400727475616C20436F6D506F727400000052
:106E340053544D6963726F656C656374726F6E69E8
:106E44006373000043444320436F6E666967000028
:106E540043444320496E74657266616365000000B3
:106E6400010204080102040800100140400000006F
:106E74009068010800100140800000009868010833
:106E84000010014000010000A0680108001001404A
:106E940000020000A8680108000C01400010000076
:106EA400B0680108000C014000200000BC68010823
:106EB400000C014000400000C8680108000C0140BB
:106EC40000800000D4680108000C0140100000009C
:106ED400E0680108000C014008000000EC680108AB
:106EE4000010014000100000F8680108000C014087
:106EF40002000000000C0140010078000010014075
:106F0400200000000010014010007900000801403A
:106F1400800000000008014040007A0000080140A1
:106F24002000000000080140080061000A00F6008B
:106F340077003C0104690108D8C786007F00F60089
:106F4400EC003C010C690108949AD900F400F600A5
:106F540061013C011469010800C0FF006901F600E9
:106F6400D6013C011C6901081010FF003E5149453F
:106F74003E00427F400042615149462141454B3128
:106F84001814127F1027454545393C4A49493001B8
:106F9400710905033649494936064949291E000045
:106FA4007E1111117E7F494949363E414141227F7C
:106FB4004141221C7F494949417F090909013E4158
:106FC40049497A7F0808087F00417F4100204041F9
:106FD4003F017F081422417F404040407F020C0261
:106FE4007F7F0408107F3E4141413E7F0909090625
:106FF4003E4151215E7F09192946464949493101DB
:10700400017F01013F4040403F1F2040201F3F407F
:1070140038403F6314081463070870080761514936
:107024004543000000000000000000000036360068
:107034000000000008080808080000000060600064
:107044000000000008083E08080000000201510981
:10705400060000005B007E00A100C4005800590037
:107064005A00500039002401390024014100410034
:10707400740074000A00F5000A00F50036003600BA
:1070840069006900E8A800005AB800000000D000B8
:1070940000799800580059005A004100000000008F
:1070A40000000000010203040607080902030405A6
:1070B400060708090A0B0C0D0E0F10100102002020
:1070C4002020202020202020282828282820202094
:1070D4002020202020202020202020202020208844
:1070E40010101010101010101010101010101004A8
:1070F40004040404040404040410101010101010F8
:1071040041414141414101010101010101010101EB
:107114000101010101010101010110101010101001
:1071240042424242424202020202020202020202BB
:1071340002020202020202020202101010102000D7
:10714400000000000000000000000000000000003B
:10715400000000000000000000000000000000002B
:10716400000000000000000000000000000000001B
:10717400000000000000000000000000000000000B
:1071840000000000000000000000000000000000FB
:1071940000000000000000000000000000000000EB
:1071A40000000000000000000000000000000000DB
:1071B4000000000000000000000000000000005279
:1071C40045454E54206D616C6C6F63207375636329
:1071D4006565646564002F6275696C642F676E75FC
:1071E4002D746F6F6C732D666F722D73746D3332E3
:1071F4005F31342E332E72656C312E32303235319C
:107204003032372D303730302F7372632F6E6577FD
:107214006C69622F6E65776C69622F6C6962632F8B
:10722400737472696E672F737472746F6B2E63005C
:107234002C2066756E6374696F6E3A2000617373F7
:10724400657274696F6E2022257322206661696CF1
:1072540065643A2066696C6520222573222C206CB3
:10726400696E65202564257325730A00232D302B50
:107274002000686C4C006566674546470030313233
:10728400333435363738394142434445460030318A
:1072940032333435363738396162636465660000E9
:1072A4006042A20D0000803F00000080DB0F4940D7
:1072B400DB0F49C0DB0F49BFE4CB1640E4CB16C05B
:1072C400000FC93F000F494000CB9640000FC94052
:1072D4000053FB4000CB164100ED2F41000F494104
:1072E4000031624100537B41003A8A4100CB964110
:1072F400005CA34100EDAF41007EBC41000FC941D9
:1073040000A0D5410031E24100C2EE410053FB41EF
:1073140000F20342003A0A420083104200CB1642B4
:1073240000141D42005C234200A5294200ED2F42B7
:1073340000363642007E3C4200C74242000F4942BA
:10734400A2000000F9000000830000006E000000AD
:107354004E00000044000000150000002900000059
:10736400FC0000002700000057000000D1000000CE
:10737400F500000034000000DD000000C000000043
:10738400DB0000006200000095000000990000008E
:107394003C00000043000000900000004100000099
:1073A400FE0000005100000063000000AB0000007C
:1073B400DE000000BB000000C5000000610000000A
:1073C400B7000000240000006E0000003A00000036
:1073D400420000004D000000D2000000E000000068
:1073E40006000000490000002E000000EA00000032
:1073F40009000000D1000000920000001C00000001
:10740400FE0000001D000000EB0000001C00000056
:10741400B100000029000000A70000003E000000A9
:10742400E80000008200000035000000F5000000C4
:107434002E000000BB000000440000008400000097
:10744400E90000009C00000070000000260000001D
:10745400B40000005F0000007E0000004100000056
:107464003900000091000000D6000000390000003F
:10747400830000005300000039000000F400000005
:107484009C000000840000005F0000008B000000EE
:10749400BD000000F9000000280000003B000000CF
:1074A4001F000000F800000097000000FF0000002B
:1074B400DE00000005000000980000000F0000003E
:1074C400EF0000002F000000110000008B000000FE
:1074D4005A0000000A0000006D0000001F000000B8
:1074E4006D000000360000007E000000CF000000A8
:1074F40027000000CB00000009000000B7000000D6
:107504004F000000460000003F000000660000003D
:107514009E0000005F000000EA0000002D00000053
:107524007500000027000000BA000000C70000003A
:10753400EB000000E5000000F10000007B0000000B
:107544003D0000000700000039000000F7000000C3
:107554008A0000005200000092000000EA000000CF
:107564006B000000FB0000005F000000B1000000A1
:107574001F0000008D0000005D00000008000000F6
:107584005600000003000000300000004600000028
:10759400FC0000007B0000006B000000AB0000005A
:1075A400F0000000CF000000BC000000200000003C
:1075B4009A000000F4000000360000001D000000E6
:1075C400A9000000E3000000910000006100000039
:1075D4005E000000E60000001B0000000800000040
:1075E4006500000099000000850000005F000000B5
:1075F40014000000A000000068000000400000002B
:107604008D000000FF000000D80000008000000092
:107614004D0000007300000027000000310000004E
:1076240006000000060000001500000056000000DF
:10763400CA00000073000000A8000000C900000098
:1076440060000000E20000007B000000C0000000B9
:107654008C0000006B0000006937AC3168212233D4
:10766400B40F14336821A2333863ED3EDA0F493F77
:107674005E987B3FDA0FC93F0000C93F0000F03934
:107684000000DA370000A2330000842E0000502BE3
:107694000000C2270000D0220000C41F0000C61B47
:1076A4000000441704000000070000000900000067
:0876B400748BFE7F0100000051
:0476BC000D020008B3
:0476C000E9010008D4
:1076C400CAF24971CAF24971CAF24971CAF24971DE
:1076D4005354415254000000000000002020202098
:1076E4002B302E303000202020202B302E30300044
:1076F400202020202B302E303000202020202B3042
:107704002E30300053544152540000000000000059
:10771400FFFF000000127A001000000001000000CA
:107724000A0600020000004001000000E51A0108FA
:10773400D91B0108471C010800000000891E01082C
:107744008D1D0108331E0108000000000000000028
:1077540000000000F91E0108D91E0108191F0108C4
:10776400391F010809024300020100C03209040064
:10777400000102020100052400100105240100019A
:1077840004240202052406000107058203080010F0
:1077940009040100020A00000007050102000200BA
:1077A400070581020002000009024300020100C033
:1077B4003209040000010202010005240010010541
:1077C40024010001042402020524060001070582A5
:1077D4000308001009040100020A00000007050163
:1077E4000240000007058102400000000907430031
:1077F400020104C032090400000102020100052450
:1078040000100105240100010424020205240600DD
:10781400010705820308001009040100020A0000A0
:107824000007050102400000070581024000000036
:1078340000C20100000008001D3201084D32010899
:107844005D32010855330108D5330108F9330108C5
:10785400593401081D34010881340108A534010894
:10786400E13401081201000202020040830440577F
:107874000002010203010000040309041A030000CA
:1078840000000000000000000000000000000000F4
:1078940000000000000000000000000003000000E1
:1078A40090250020E8010020000000009025002021
:1078B400F8250020602600200000000000000000E1
:1078C40000000000000000000000000000000000B4
:1078D40000000000000000000000000000000000A4
:1078E4000000000000000000000000000000000094
:0478F4000000000090
:040000050800C4D556
:00000001FF
